"",Cluster_Label
b.cells1147,4
b.cells6276,4
b.cells6144,4
b.cells6285,8
b.cells8679,4
b.cells6455,4
b.cells96,4
b.cells2344,4
b.cells6713,4
b.cells5182,4
b.cells6988,4
b.cells5491,4
b.cells2848,4
b.cells9301,4
b.cells2944,4
b.cells8432,4
b.cells2882,4
b.cells2687,4
b.cells2338,4
b.cells3187,4
b.cells3047,4
b.cells1601,4
b.cells403,4
b.cells2202,4
b.cells8155,4
b.cells5288,4
b.cells9200,4
b.cells8361,4
b.cells461,4
b.cells4586,4
b.cells2667,4
b.cells3063,4
b.cells5100,4
b.cells1821,4
b.cells7635,8
b.cells2023,4
b.cells2601,4
b.cells9969,4
b.cells8111,4
b.cells5559,4
b.cells6493,4
b.cells3132,4
b.cells6245,4
b.cells3312,4
b.cells5041,4
b.cells6798,4
b.cells4869,4
b.cells2449,4
b.cells7683,4
b.cells741,4
b.cells3108,4
b.cells7197,4
b.cells5062,4
b.cells1535,4
b.cells5055,4
b.cells4954,4
b.cells7534,4
b.cells1752,4
b.cells8506,4
b.cells8670,4
b.cells420,4
b.cells3180,4
b.cells138,4
b.cells2396,4
b.cells7080,4
b.cells3087,4
b.cells5095,4
b.cells518,4
b.cells5655,4
b.cells1217,4
b.cells8941,4
b.cells147,4
b.cells7841,4
b.cells901,4
b.cells5198,4
b.cells3847,4
b.cells702,4
b.cells3209,4
b.cells6689,4
b.cells9269,4
b.cells4721,4
b.cells1427,4
b.cells5444,4
b.cells1962,4
b.cells8986,4
b.cells3895,4
b.cells3109,4
b.cells1600,4
b.cells8959,4
b.cells1664,4
b.cells8999,4
b.cells1340,4
b.cells1316,4
b.cells1052,4
b.cells5111,4
b.cells2999,4
b.cells267,4
b.cells3093,4
b.cells7411,4
b.cells355,4
b.cells5642,4
b.cells2798,4
b.cells2039,4
b.cells1335,4
b.cells3251,4
b.cells1548,4
b.cells1297,4
b.cells4346,4
b.cells386,4
b.cells7116,4
b.cells1006,4
b.cells9478,4
b.cells1215,4
b.cells2191,4
b.cells9104,4
b.cells9430,4
b.cells2783,4
b.cells1231,4
b.cells7945,4
b.cells7417,4
b.cells9127,4
b.cells9910,4
b.cells9388,4
b.cells4843,4
b.cells2824,4
b.cells2506,4
b.cells5012,4
b.cells4949,4
b.cells3171,4
b.cells9579,4
b.cells6312,4
b.cells1269,4
b.cells4211,4
b.cells9099,4
b.cells4655,4
b.cells9036,4
b.cells5947,4
b.cells6284,4
b.cells8645,4
b.cells5000,4
b.cells9782,4
b.cells3226,4
b.cells4786,4
b.cells3549,4
b.cells6238,4
b.cells7371,4
b.cells5625,4
b.cells9747,4
b.cells5732,4
b.cells4362,4
b.cells2271,4
b.cells817,4
b.cells8445,4
b.cells2331,4
b.cells9813,4
b.cells5977,4
b.cells9916,4
b.cells3729,4
b.cells5511,4
b.cells4263,4
b.cells5716,4
b.cells4292,4
b.cells2231,4
b.cells844,4
b.cells6322,4
b.cells4276,4
b.cells722,4
b.cells7958,4
b.cells9943,4
b.cells7509,4
b.cells5793,4
b.cells7027,4
b.cells4233,4
b.cells3406,4
b.cells7523,4
b.cells4202,4
b.cells5558,4
b.cells1151,4
b.cells3002,4
b.cells4743,4
b.cells3416,4
b.cells5949,4
b.cells754,4
b.cells9466,4
b.cells220,4
b.cells8333,4
b.cells6260,4
b.cells3070,4
b.cells7349,4
b.cells6323,4
b.cells9820,4
b.cells9953,4
b.cells8738,4
b.cells8013,4
b.cells8129,4
b.cells8255,4
b.cells7246,4
b.cells9720,4
b.cells6320,4
b.cells6532,4
b.cells5223,4
b.cells3138,4
b.cells7588,4
b.cells5201,4
b.cells7236,4
b.cells3040,4
b.cells3993,4
b.cells2019,4
b.cells9735,4
b.cells5593,4
b.cells2769,4
b.cells1828,4
b.cells7484,8
b.cells5595,4
b.cells9201,4
b.cells6304,4
b.cells6915,4
b.cells4729,4
b.cells8390,4
b.cells4167,4
b.cells310,4
b.cells2547,4
b.cells3303,4
b.cells1317,4
b.cells4926,4
b.cells7909,4
b.cells3324,4
b.cells5017,4
b.cells4874,4
b.cells7855,4
b.cells5587,4
b.cells9991,4
b.cells7957,4
b.cells9854,4
b.cells2091,4
b.cells7383,4
b.cells3026,4
b.cells4821,4
b.cells9745,4
b.cells4176,4
b.cells2406,4
b.cells2138,4
b.cells6783,4
b.cells9647,4
b.cells4695,4
b.cells7611,4
b.cells5651,4
b.cells9502,4
b.cells7839,4
b.cells5232,4
b.cells5868,4
b.cells2595,4
b.cells2749,4
b.cells641,4
b.cells5536,4
b.cells2579,4
b.cells33,4
b.cells5794,4
b.cells9990,4
b.cells8299,4
b.cells291,4
b.cells5892,4
b.cells2637,4
b.cells1185,4
b.cells989,4
b.cells7347,4
b.cells157,4
b.cells486,4
b.cells7339,4
b.cells3507,4
b.cells7449,4
b.cells3690,4
b.cells7845,4
b.cells253,4
b.cells4968,4
b.cells8056,4
b.cells5343,4
b.cells2616,4
b.cells3380,4
b.cells3620,4
b.cells4209,4
b.cells9005,4
b.cells7689,4
b.cells7232,4
b.cells2752,4
b.cells4477,4
b.cells2818,4
b.cells6822,4
b.cells8041,4
b.cells6418,4
b.cells4050,4
b.cells9322,4
b.cells2381,4
b.cells5960,4
b.cells7421,4
b.cells6791,4
b.cells1130,4
b.cells6224,4
b.cells3025,4
b.cells3455,4
b.cells9598,4
b.cells5272,4
b.cells4344,4
b.cells9286,4
b.cells4426,4
b.cells1865,4
b.cells9696,4
b.cells5363,4
b.cells7516,4
b.cells8929,4
b.cells6667,4
b.cells3981,4
b.cells3983,4
b.cells1428,4
b.cells1922,4
b.cells1878,4
b.cells3990,4
b.cells3402,4
b.cells8151,4
b.cells1938,4
b.cells8415,4
b.cells3878,4
b.cells1497,4
b.cells10041,4
b.cells3584,4
b.cells4171,4
b.cells1819,4
b.cells6421,4
b.cells8980,4
b.cells7160,4
b.cells8607,4
b.cells9298,4
b.cells1901,4
b.cells4609,4
b.cells3764,4
b.cells3648,4
b.cells272,4
b.cells9059,4
b.cells4002,4
b.cells9315,4
b.cells2652,4
b.cells5040,4
b.cells9531,4
b.cells3602,4
b.cells3024,4
b.cells334,4
b.cells6501,4
b.cells8967,4
b.cells439,4
b.cells1959,4
b.cells7238,4
b.cells1271,4
b.cells6899,4
b.cells9887,4
b.cells9185,4
b.cells5769,4
b.cells7115,4
b.cells4735,4
b.cells7472,4
b.cells31,4
b.cells5426,4
b.cells4476,4
b.cells3206,4
b.cells8122,4
b.cells9504,4
b.cells6420,4
b.cells2270,4
b.cells7961,4
b.cells7042,4
b.cells9486,4
b.cells2576,4
b.cells8536,4
b.cells4739,4
b.cells2967,4
b.cells3837,4
b.cells7373,4
b.cells979,4
b.cells4091,4
b.cells6385,4
b.cells2866,4
b.cells1999,4
b.cells21,4
b.cells1047,4
b.cells2085,4
b.cells1117,4
b.cells6665,4
b.cells1875,4
b.cells9551,4
b.cells9183,4
b.cells6707,4
b.cells7173,4
b.cells7100,4
b.cells6325,4
b.cells1619,4
b.cells8946,4
b.cells5471,4
b.cells10010,4
b.cells183,4
b.cells9941,4
b.cells6647,4
b.cells4035,4
b.cells7331,4
b.cells7512,4
b.cells5553,4
b.cells1827,4
b.cells7340,4
b.cells897,4
b.cells6023,4
b.cells4025,4
b.cells7513,4
b.cells7815,4
b.cells9357,4
b.cells2089,4
b.cells8385,4
b.cells4032,4
b.cells4961,4
b.cells7493,4
b.cells1282,4
b.cells3982,4
b.cells6399,4
b.cells8773,4
b.cells3329,4
b.cells1017,4
b.cells9008,4
b.cells1932,4
b.cells522,4
b.cells4113,4
b.cells3272,4
b.cells2662,4
b.cells6407,4
b.cells7568,4
b.cells4245,4
b.cells9756,4
b.cells2628,4
b.cells6360,4
b.cells3670,4
b.cells9025,4
b.cells7096,4
b.cells5693,4
b.cells7858,4
b.cells8510,4
b.cells7189,4
b.cells4839,4
b.cells9742,4
b.cells5353,4
b.cells8480,4
b.cells6077,4
b.cells5910,4
b.cells324,4
b.cells2455,4
b.cells7476,4
b.cells9617,4
b.cells9248,4
b.cells7233,4
b.cells6554,4
b.cells2378,4
b.cells5840,4
b.cells5526,4
b.cells478,4
b.cells3589,4
b.cells8612,4
b.cells3771,4
b.cells4975,4
b.cells1687,4
b.cells1853,4
b.cells5257,4
b.cells3782,4
b.cells6013,4
b.cells5503,4
b.cells1353,4
b.cells2782,4
b.cells6,4
b.cells9778,4
b.cells3839,4
b.cells9390,4
b.cells4918,4
b.cells4489,4
b.cells6954,4
b.cells1365,4
b.cells5029,4
b.cells5383,4
b.cells6342,4
b.cells3575,4
b.cells1308,4
b.cells710,4
b.cells7310,4
b.cells6746,4
b.cells7332,4
b.cells1508,4
b.cells5751,4
b.cells7324,4
b.cells8756,4
b.cells2955,4
b.cells6302,4
b.cells3240,4
b.cells5795,4
b.cells805,4
b.cells5807,4
b.cells5713,4
naive.cytotoxic7996,6
naive.cytotoxic9575,6
naive.cytotoxic10224,6
naive.cytotoxic600,6
naive.cytotoxic8059,6
naive.cytotoxic10107,6
naive.cytotoxic8918,6
naive.cytotoxic9910,6
naive.cytotoxic1528,6
naive.cytotoxic9485,6
naive.cytotoxic4246,6
naive.cytotoxic11322,6
naive.cytotoxic11108,8
naive.cytotoxic7074,6
naive.cytotoxic1320,6
naive.cytotoxic9358,6
naive.cytotoxic7184,6
naive.cytotoxic1054,6
naive.cytotoxic7845,6
naive.cytotoxic3964,6
naive.cytotoxic9970,6
naive.cytotoxic2957,6
naive.cytotoxic4339,6
naive.cytotoxic11032,6
naive.cytotoxic6717,6
naive.cytotoxic9625,6
naive.cytotoxic465,6
naive.cytotoxic475,6
naive.cytotoxic7544,6
naive.cytotoxic2851,6
naive.cytotoxic3011,6
naive.cytotoxic7447,6
naive.cytotoxic4837,6
naive.cytotoxic9518,6
naive.cytotoxic1401,6
naive.cytotoxic11853,6
naive.cytotoxic7745,6
naive.cytotoxic7813,6
naive.cytotoxic8907,6
naive.cytotoxic6128,6
naive.cytotoxic4531,6
naive.cytotoxic7282,6
naive.cytotoxic11507,6
naive.cytotoxic2571,6
naive.cytotoxic8917,6
naive.cytotoxic5149,6
naive.cytotoxic9867,6
naive.cytotoxic10518,6
naive.cytotoxic11665,6
naive.cytotoxic10881,6
naive.cytotoxic3065,6
naive.cytotoxic2660,6
naive.cytotoxic9410,6
naive.cytotoxic1965,6
naive.cytotoxic9973,6
naive.cytotoxic11564,6
naive.cytotoxic5920,6
naive.cytotoxic474,6
naive.cytotoxic7437,6
naive.cytotoxic9877,6
naive.cytotoxic1854,6
naive.cytotoxic11776,6
naive.cytotoxic8097,6
naive.cytotoxic10282,6
naive.cytotoxic2874,6
naive.cytotoxic10255,6
naive.cytotoxic9416,6
naive.cytotoxic7279,6
naive.cytotoxic2479,6
naive.cytotoxic707,6
naive.cytotoxic7431,6
naive.cytotoxic9553,6
naive.cytotoxic2360,6
naive.cytotoxic7908,6
naive.cytotoxic4787,6
naive.cytotoxic4597,6
naive.cytotoxic716,6
naive.cytotoxic4992,6
naive.cytotoxic6545,6
naive.cytotoxic9948,6
naive.cytotoxic144,6
naive.cytotoxic6799,6
naive.cytotoxic3581,6
naive.cytotoxic460,6
naive.cytotoxic4253,4
naive.cytotoxic3174,6
naive.cytotoxic11558,6
naive.cytotoxic11286,6
naive.cytotoxic7309,6
naive.cytotoxic11446,6
naive.cytotoxic10416,6
naive.cytotoxic1424,6
naive.cytotoxic7072,6
naive.cytotoxic4233,6
naive.cytotoxic8003,6
naive.cytotoxic7568,6
naive.cytotoxic8263,6
naive.cytotoxic7412,6
naive.cytotoxic1449,6
naive.cytotoxic3331,6
naive.cytotoxic2065,6
naive.cytotoxic2018,6
naive.cytotoxic6643,6
naive.cytotoxic5081,6
naive.cytotoxic4612,6
naive.cytotoxic9996,6
naive.cytotoxic2474,6
naive.cytotoxic6035,6
naive.cytotoxic4678,6
naive.cytotoxic3058,6
naive.cytotoxic9509,6
naive.cytotoxic3636,6
naive.cytotoxic926,6
naive.cytotoxic11209,6
naive.cytotoxic4483,6
naive.cytotoxic3877,6
naive.cytotoxic7869,6
naive.cytotoxic9200,6
naive.cytotoxic5730,6
naive.cytotoxic10999,6
naive.cytotoxic591,6
naive.cytotoxic7943,6
naive.cytotoxic9766,6
naive.cytotoxic3982,6
naive.cytotoxic11019,6
naive.cytotoxic5725,6
naive.cytotoxic11188,6
naive.cytotoxic3681,6
naive.cytotoxic7084,6
naive.cytotoxic10526,6
naive.cytotoxic7181,6
naive.cytotoxic5208,6
naive.cytotoxic6620,6
naive.cytotoxic11104,6
naive.cytotoxic9863,6
naive.cytotoxic3394,6
naive.cytotoxic9968,6
naive.cytotoxic11843,6
naive.cytotoxic4009,6
naive.cytotoxic6579,6
naive.cytotoxic2220,6
naive.cytotoxic6020,6
naive.cytotoxic10949,6
naive.cytotoxic3626,6
naive.cytotoxic4208,6
naive.cytotoxic672,6
naive.cytotoxic10446,6
naive.cytotoxic6045,6
naive.cytotoxic9499,6
naive.cytotoxic2796,6
naive.cytotoxic8107,6
naive.cytotoxic10155,6
naive.cytotoxic5312,6
naive.cytotoxic2011,6
naive.cytotoxic6002,6
naive.cytotoxic10264,6
naive.cytotoxic393,6
naive.cytotoxic3045,6
naive.cytotoxic7254,6
naive.cytotoxic11197,6
naive.cytotoxic9617,6
naive.cytotoxic582,6
naive.cytotoxic3560,6
naive.cytotoxic6036,6
naive.cytotoxic8374,6
naive.cytotoxic3355,6
naive.cytotoxic5480,6
naive.cytotoxic8596,6
naive.cytotoxic1510,6
naive.cytotoxic11008,6
naive.cytotoxic4637,6
naive.cytotoxic2935,6
naive.cytotoxic11159,6
naive.cytotoxic9913,6
naive.cytotoxic4891,6
naive.cytotoxic10501,6
naive.cytotoxic2435,6
naive.cytotoxic11826,6
naive.cytotoxic5633,6
naive.cytotoxic1299,6
naive.cytotoxic7409,6
naive.cytotoxic3455,6
naive.cytotoxic9772,6
naive.cytotoxic3860,6
naive.cytotoxic10281,6
naive.cytotoxic326,6
naive.cytotoxic6354,6
naive.cytotoxic5635,6
naive.cytotoxic10327,6
naive.cytotoxic5727,6
naive.cytotoxic2616,6
naive.cytotoxic5988,6
naive.cytotoxic113,6
naive.cytotoxic1041,6
naive.cytotoxic3746,6
naive.cytotoxic6411,6
naive.cytotoxic3562,6
naive.cytotoxic8697,6
naive.cytotoxic121,6
naive.cytotoxic7036,6
naive.cytotoxic8380,6
naive.cytotoxic5476,6
naive.cytotoxic2545,6
naive.cytotoxic1368,6
naive.cytotoxic4824,6
naive.cytotoxic7508,6
naive.cytotoxic661,6
naive.cytotoxic6675,6
naive.cytotoxic8314,6
naive.cytotoxic11458,6
naive.cytotoxic11398,6
naive.cytotoxic1373,6
naive.cytotoxic2230,6
naive.cytotoxic2195,6
naive.cytotoxic5343,6
naive.cytotoxic2393,6
naive.cytotoxic11434,6
naive.cytotoxic1167,6
naive.cytotoxic9678,6
naive.cytotoxic1186,6
naive.cytotoxic11405,6
naive.cytotoxic63,6
naive.cytotoxic5841,6
naive.cytotoxic11560,6
naive.cytotoxic5154,6
naive.cytotoxic4030,6
naive.cytotoxic3578,6
naive.cytotoxic11568,6
naive.cytotoxic10836,6
naive.cytotoxic11872,6
naive.cytotoxic1164,5
naive.cytotoxic6342,6
naive.cytotoxic7274,6
naive.cytotoxic9300,6
naive.cytotoxic5643,6
naive.cytotoxic9457,6
naive.cytotoxic11573,6
naive.cytotoxic10866,6
naive.cytotoxic3182,6
naive.cytotoxic1158,6
naive.cytotoxic769,6
naive.cytotoxic2194,6
naive.cytotoxic6932,6
naive.cytotoxic11,6
naive.cytotoxic5669,6
naive.cytotoxic7673,6
naive.cytotoxic2350,6
naive.cytotoxic7778,6
naive.cytotoxic6468,6
naive.cytotoxic8708,6
naive.cytotoxic4581,6
naive.cytotoxic9778,6
naive.cytotoxic2909,5
naive.cytotoxic10366,6
naive.cytotoxic8092,6
naive.cytotoxic10721,6
naive.cytotoxic4328,6
naive.cytotoxic7193,6
naive.cytotoxic389,6
naive.cytotoxic7573,6
naive.cytotoxic47,6
naive.cytotoxic6750,6
naive.cytotoxic3282,6
naive.cytotoxic7136,6
naive.cytotoxic10835,6
naive.cytotoxic6699,6
naive.cytotoxic9337,6
naive.cytotoxic3512,6
naive.cytotoxic10373,6
naive.cytotoxic9989,6
naive.cytotoxic11700,6
naive.cytotoxic843,6
naive.cytotoxic7287,6
naive.cytotoxic5965,6
naive.cytotoxic770,6
naive.cytotoxic2618,6
naive.cytotoxic6789,6
naive.cytotoxic4229,6
naive.cytotoxic11030,6
naive.cytotoxic660,6
naive.cytotoxic4,6
naive.cytotoxic3385,6
naive.cytotoxic2536,6
naive.cytotoxic8035,6
naive.cytotoxic10091,6
naive.cytotoxic349,6
naive.cytotoxic8184,6
naive.cytotoxic1945,6
naive.cytotoxic9157,6
naive.cytotoxic1701,6
naive.cytotoxic7886,6
naive.cytotoxic6067,6
naive.cytotoxic8220,6
naive.cytotoxic3084,6
naive.cytotoxic5897,6
naive.cytotoxic9586,6
naive.cytotoxic2095,6
naive.cytotoxic10077,6
naive.cytotoxic1282,6
naive.cytotoxic10154,6
naive.cytotoxic5994,6
naive.cytotoxic3329,6
naive.cytotoxic3923,6
naive.cytotoxic6636,6
naive.cytotoxic2146,6
naive.cytotoxic5117,6
naive.cytotoxic7707,6
naive.cytotoxic4895,6
naive.cytotoxic6532,6
naive.cytotoxic2278,6
naive.cytotoxic10807,6
naive.cytotoxic7841,6
naive.cytotoxic1526,6
naive.cytotoxic4387,6
naive.cytotoxic3518,6
naive.cytotoxic9370,6
naive.cytotoxic5470,6
naive.cytotoxic5136,6
naive.cytotoxic11840,6
naive.cytotoxic4345,6
naive.cytotoxic4513,6
naive.cytotoxic4540,6
naive.cytotoxic2785,6
naive.cytotoxic9182,6
naive.cytotoxic185,6
naive.cytotoxic4636,6
naive.cytotoxic4514,6
naive.cytotoxic5322,6
naive.cytotoxic3448,6
naive.cytotoxic9336,6
naive.cytotoxic10127,6
naive.cytotoxic10976,6
naive.cytotoxic3171,6
naive.cytotoxic7848,6
naive.cytotoxic8265,6
naive.cytotoxic2343,6
naive.cytotoxic6467,6
naive.cytotoxic7242,6
naive.cytotoxic1256,6
naive.cytotoxic6792,6
naive.cytotoxic7499,6
naive.cytotoxic2190,5
naive.cytotoxic5315,6
naive.cytotoxic10651,6
naive.cytotoxic6569,6
naive.cytotoxic10936,6
naive.cytotoxic8643,6
naive.cytotoxic8318,6
naive.cytotoxic6328,6
naive.cytotoxic11333,6
naive.cytotoxic10946,6
naive.cytotoxic2048,6
naive.cytotoxic6334,6
naive.cytotoxic7480,6
naive.cytotoxic1217,6
naive.cytotoxic444,6
naive.cytotoxic8939,0
naive.cytotoxic11100,6
naive.cytotoxic1284,6
naive.cytotoxic4663,6
naive.cytotoxic319,6
naive.cytotoxic4803,5
naive.cytotoxic2422,6
naive.cytotoxic10639,6
naive.cytotoxic2645,6
naive.cytotoxic11377,6
naive.cytotoxic3149,6
naive.cytotoxic6158,6
naive.cytotoxic10957,6
naive.cytotoxic10481,6
naive.cytotoxic10991,6
naive.cytotoxic3486,6
naive.cytotoxic8871,6
naive.cytotoxic2193,6
naive.cytotoxic1174,6
naive.cytotoxic996,6
naive.cytotoxic5895,6
naive.cytotoxic6686,6
naive.cytotoxic7950,6
naive.cytotoxic2912,6
naive.cytotoxic5155,6
naive.cytotoxic6263,6
naive.cytotoxic6574,6
naive.cytotoxic10764,6
naive.cytotoxic1994,6
naive.cytotoxic454,6
naive.cytotoxic1145,6
naive.cytotoxic180,6
naive.cytotoxic10643,6
naive.cytotoxic8631,6
naive.cytotoxic7000,6
naive.cytotoxic4367,6
naive.cytotoxic3948,6
naive.cytotoxic3786,6
naive.cytotoxic7253,6
naive.cytotoxic7315,6
naive.cytotoxic11329,6
naive.cytotoxic10046,6
cd14.monocytes1676,3
cd14.monocytes1070,3
cd14.monocytes2404,3
cd14.monocytes1178,3
cd14.monocytes2385,3
cd14.monocytes69,3
cd14.monocytes892,3
cd14.monocytes668,3
cd14.monocytes2024,3
cd14.monocytes771,3
cd14.monocytes670,3
cd14.monocytes1226,3
cd14.monocytes183,3
cd14.monocytes589,3
cd14.monocytes299,3
cd14.monocytes208,3
cd14.monocytes1145,3
cd14.monocytes2550,7
cd14.monocytes2501,3
cd14.monocytes2069,3
cd14.monocytes1405,3
cd14.monocytes1181,8
cd14.monocytes547,3
cd14.monocytes598,3
cd14.monocytes1530,3
cd14.monocytes669,3
cd14.monocytes1959,3
cd14.monocytes1426,3
cd14.monocytes253,3
cd14.monocytes389,3
cd14.monocytes377,3
cd14.monocytes2557,3
cd14.monocytes68,3
cd14.monocytes1565,3
cd14.monocytes264,3
cd14.monocytes1313,7
cd14.monocytes483,3
cd14.monocytes1307,3
cd14.monocytes992,7
cd14.monocytes1515,7
cd14.monocytes2369,3
cd14.monocytes1501,3
cd14.monocytes2090,3
cd14.monocytes1972,3
cd14.monocytes1561,3
cd14.monocytes1371,3
cd14.monocytes733,3
cd14.monocytes319,3
cd14.monocytes1241,3
cd14.monocytes942,3
cd14.monocytes1814,3
cd14.monocytes2437,3
cd14.monocytes787,3
cd14.monocytes2101,3
cd14.monocytes2188,3
cd14.monocytes118,7
cd14.monocytes2208,3
cd14.monocytes1217,3
cd14.monocytes311,3
cd14.monocytes1675,3
cd14.monocytes581,3
cd14.monocytes1174,3
cd14.monocytes2260,3
cd14.monocytes2023,3
cd14.monocytes117,3
cd14.monocytes173,3
cd14.monocytes1688,3
cd14.monocytes583,3
cd14.monocytes1507,3
cd14.monocytes840,3
cd14.monocytes2541,3
cd14.monocytes1802,3
cd14.monocytes9,3
cd14.monocytes1955,3
cd14.monocytes509,3
cd14.monocytes1750,7
cd14.monocytes1902,3
cd14.monocytes605,3
cd14.monocytes2415,3
cd14.monocytes1482,3
cd14.monocytes2025,3
cd14.monocytes2366,3
cd14.monocytes194,3
cd14.monocytes1679,3
cd14.monocytes2497,3
cd14.monocytes638,3
cd14.monocytes100,3
cd14.monocytes2489,3
cd14.monocytes336,3
cd14.monocytes445,3
cd14.monocytes1218,4
cd14.monocytes1604,3
cd14.monocytes2488,3
cd14.monocytes251,3
cd14.monocytes1747,3
cd14.monocytes4,3
cd14.monocytes1931,1
cd14.monocytes805,3
cd14.monocytes2409,3
cd14.monocytes492,7
cd14.monocytes2105,3
cd14.monocytes1225,3
cd14.monocytes277,3
cd14.monocytes882,3
cd14.monocytes1909,3
cd14.monocytes977,3
cd14.monocytes2596,3
cd14.monocytes269,3
cd14.monocytes2411,3
cd14.monocytes2474,3
cd14.monocytes1011,3
cd14.monocytes2170,3
cd14.monocytes159,3
cd14.monocytes1710,3
cd14.monocytes1721,3
cd14.monocytes785,3
cd14.monocytes1594,3
cd14.monocytes1600,3
cd14.monocytes1230,3
cd14.monocytes2135,3
cd14.monocytes363,7
cd14.monocytes1050,3
cd14.monocytes500,3
cd14.monocytes2561,3
cd14.monocytes1232,8
cd14.monocytes932,3
cd14.monocytes2115,3
cd14.monocytes1726,3
cd14.monocytes889,3
cd14.monocytes928,3
cd14.monocytes476,8
cd14.monocytes1942,3
cd14.monocytes2540,3
cd14.monocytes2309,3
cd14.monocytes1709,3
cd14.monocytes627,3
cd14.monocytes1648,3
cd14.monocytes2591,3
cd14.monocytes2239,3
cd14.monocytes756,3
cd14.monocytes2296,3
cd14.monocytes646,3
cd14.monocytes1095,3
cd14.monocytes1748,3
cd14.monocytes2229,3
cd14.monocytes1266,3
cd14.monocytes1235,3
cd14.monocytes123,3
cd14.monocytes615,3
cd14.monocytes1943,3
cd14.monocytes488,3
cd14.monocytes2169,3
cd14.monocytes897,3
cd14.monocytes664,3
cd14.monocytes1451,7
cd14.monocytes407,3
cd14.monocytes1202,3
cd14.monocytes2531,7
cd14.monocytes1423,3
cd14.monocytes1940,3
cd14.monocytes1420,3
cd14.monocytes1329,3
cd14.monocytes1869,3
cd14.monocytes349,3
cd14.monocytes961,3
cd14.monocytes1967,4
cd14.monocytes2322,3
cd14.monocytes95,7
cd14.monocytes1636,3
cd14.monocytes399,7
cd14.monocytes285,3
cd14.monocytes324,3
cd14.monocytes955,3
cd14.monocytes527,3
cd14.monocytes1700,3
cd14.monocytes383,3
cd14.monocytes830,3
cd14.monocytes812,7
cd14.monocytes1546,3
cd14.monocytes988,3
cd14.monocytes1625,3
cd14.monocytes2420,3
cd14.monocytes2197,3
cd14.monocytes827,3
cd14.monocytes625,3
cd14.monocytes782,3
cd14.monocytes1197,3
cd14.monocytes46,3
cd14.monocytes692,3
cd14.monocytes1597,3
cd14.monocytes315,3
cd14.monocytes281,3
cd14.monocytes78,3
cd14.monocytes699,3
cd14.monocytes1397,3
cd14.monocytes94,3
cd14.monocytes1755,3
cd14.monocytes2165,3
cd14.monocytes1784,7
cd14.monocytes978,3
cd14.monocytes199,8
cd14.monocytes1022,3
cd14.monocytes312,3
cd14.monocytes74,3
cd14.monocytes306,3
cd14.monocytes860,7
cd14.monocytes591,3
cd14.monocytes1242,7
cd14.monocytes1365,3
cd14.monocytes1074,3
cd14.monocytes1739,3
cd14.monocytes808,3
cd14.monocytes499,3
cd14.monocytes2379,3
cd14.monocytes6,7
cd14.monocytes2241,3
cd14.monocytes1989,3
cd14.monocytes790,3
cd14.monocytes2537,3
cd14.monocytes333,3
cd14.monocytes579,3
cd14.monocytes2438,3
cd14.monocytes339,3
cd14.monocytes1965,3
cd14.monocytes913,3
cd14.monocytes1042,3
cd14.monocytes1296,3
cd14.monocytes241,3
cd14.monocytes1825,3
cd14.monocytes861,3
cd14.monocytes2187,3
cd14.monocytes1719,3
cd14.monocytes472,7
cd14.monocytes432,3
cd14.monocytes1461,3
cd14.monocytes2482,7
cd14.monocytes2160,1
cd14.monocytes746,7
cd14.monocytes437,3
cd14.monocytes2382,3
cd14.monocytes2507,3
cd14.monocytes1455,3
cd14.monocytes91,3
cd14.monocytes2532,3
cd14.monocytes1452,3
cd14.monocytes1082,3
cd14.monocytes617,3
cd14.monocytes600,3
cd14.monocytes420,3
cd14.monocytes1529,3
cd14.monocytes515,3
cd14.monocytes60,3
cd14.monocytes1586,7
cd14.monocytes188,3
cd14.monocytes37,3
cd14.monocytes525,3
cd14.monocytes2395,3
cd14.monocytes30,3
cd14.monocytes366,3
cd14.monocytes302,3
cd14.monocytes396,3
cd14.monocytes2164,3
cd14.monocytes2521,3
cd14.monocytes2355,3
cd14.monocytes1497,3
cd14.monocytes1946,3
cd14.monocytes2403,3
cd14.monocytes1117,3
cd14.monocytes1652,3
cd14.monocytes1093,3
cd14.monocytes641,3
cd14.monocytes20,3
cd14.monocytes51,3
cd14.monocytes546,3
cd14.monocytes2048,3
cd14.monocytes2174,7
cd14.monocytes2440,3
cd14.monocytes354,3
cd14.monocytes835,7
cd14.monocytes874,3
cd14.monocytes1312,3
cd14.monocytes719,3
cd14.monocytes2562,3
cd14.monocytes2141,7
cd14.monocytes1549,3
cd14.monocytes711,3
cd14.monocytes1915,3
cd14.monocytes1425,3
cd14.monocytes1205,3
cd14.monocytes1386,3
cd14.monocytes713,3
cd14.monocytes2348,3
cd14.monocytes887,3
cd14.monocytes1376,3
cd14.monocytes1843,3
cd14.monocytes696,3
cd14.monocytes459,3
cd14.monocytes1176,3
cd14.monocytes394,3
cd14.monocytes631,3
cd14.monocytes1441,3
cd14.monocytes788,7
cd14.monocytes1687,3
cd14.monocytes524,3
cd14.monocytes105,3
cd14.monocytes2503,3
cd14.monocytes1808,3
cd14.monocytes1979,3
cd14.monocytes1163,3
cd14.monocytes2478,7
cd14.monocytes986,3
cd14.monocytes392,3
cd14.monocytes1992,3
cd14.monocytes513,3
cd14.monocytes2139,3
cd14.monocytes1919,3
cd14.monocytes289,3
cd14.monocytes1776,3
cd14.monocytes1937,3
cd14.monocytes371,3
cd14.monocytes2535,3
cd14.monocytes2223,7
cd14.monocytes2467,3
cd14.monocytes1160,3
cd14.monocytes1567,3
cd14.monocytes1303,3
cd14.monocytes1265,3
cd14.monocytes614,3
cd14.monocytes164,3
cd14.monocytes2178,3
cd14.monocytes2419,3
cd14.monocytes442,3
cd14.monocytes2140,3
cd14.monocytes1850,3
cd14.monocytes2386,3
cd14.monocytes1999,3
cd14.monocytes2316,3
cd14.monocytes1189,3
cd14.monocytes582,7
cd14.monocytes271,3
cd14.monocytes2463,3
cd14.monocytes2548,3
cd14.monocytes1443,3
cd14.monocytes1406,3
cd14.monocytes2364,3
cd14.monocytes130,3
cd14.monocytes1139,3
cd14.monocytes758,3
cd14.monocytes1641,3
cd14.monocytes1727,3
cd14.monocytes2166,3
cd14.monocytes556,3
cd14.monocytes428,4
cd14.monocytes1852,3
cd14.monocytes795,3
cd14.monocytes2336,3
cd14.monocytes1896,3
cd14.monocytes2367,3
cd14.monocytes729,7
cd14.monocytes2036,3
cd14.monocytes2570,3
cd14.monocytes1023,3
cd14.monocytes1917,3
cd14.monocytes1973,3
cd14.monocytes110,3
cd14.monocytes1077,3
cd14.monocytes1492,3
cd14.monocytes1421,3
cd14.monocytes175,3
cd14.monocytes1297,3
cd14.monocytes161,3
cd14.monocytes1394,3
cd14.monocytes1183,3
cd14.monocytes1395,3
cd14.monocytes1170,3
cd14.monocytes1488,3
cd14.monocytes1089,3
cd14.monocytes1647,3
cd14.monocytes2004,3
cd14.monocytes1875,3
cd14.monocytes1375,3
cd14.monocytes296,3
cd14.monocytes559,3
cd14.monocytes10,3
cd14.monocytes1221,3
cd14.monocytes141,3
cd14.monocytes676,3
cd14.monocytes602,7
cd14.monocytes1052,3
cd14.monocytes193,3
cd14.monocytes279,3
cd14.monocytes482,3
cd14.monocytes1009,3
cd14.monocytes1969,3
cd14.monocytes1200,3
cd14.monocytes2054,3
cd14.monocytes535,3
cd14.monocytes1550,3
cd14.monocytes1144,3
cd14.monocytes1437,3
cd14.monocytes572,3
cd14.monocytes1829,3
cd14.monocytes575,3
cd14.monocytes257,3
cd14.monocytes926,3
cd14.monocytes1991,3
cd14.monocytes1519,7
cd14.monocytes534,3
cd14.monocytes923,3
cd14.monocytes1339,3
cd14.monocytes1268,3
cd14.monocytes1186,3
cd14.monocytes1835,3
cd14.monocytes818,3
cd14.monocytes853,3
cd14.monocytes1433,3
cd14.monocytes1008,3
cd14.monocytes1848,3
cd14.monocytes1526,3
cd14.monocytes2599,7
cd14.monocytes229,3
cd14.monocytes1672,3
cd14.monocytes1548,7
cd14.monocytes1621,7
cd14.monocytes649,3
cd14.monocytes1010,3
cd14.monocytes2222,3
cd14.monocytes17,3
cd14.monocytes85,3
cd14.monocytes869,3
cd14.monocytes518,3
cd14.monocytes1353,3
cd14.monocytes2578,8
cd14.monocytes687,3
cd14.monocytes260,3
cd14.monocytes844,3
cd14.monocytes2064,3
cd14.monocytes1390,3
cd14.monocytes246,3
cd14.monocytes2560,3
cd14.monocytes1827,3
cd14.monocytes1694,3
cd14.monocytes1535,3
cd14.monocytes2432,3
cd14.monocytes408,3
cd14.monocytes1818,3
cd14.monocytes586,3
cd14.monocytes2258,3
cd14.monocytes738,3
cd14.monocytes2193,3
cd14.monocytes1245,3
cd14.monocytes1913,3
cd14.monocytes786,3
cd14.monocytes1502,3
cd14.monocytes1718,3
cd14.monocytes1510,3
cd14.monocytes2436,3
cd14.monocytes1333,3
cd14.monocytes33,3
cd14.monocytes940,3
cd14.monocytes994,3
cd14.monocytes1463,3
cd14.monocytes2607,3
cd14.monocytes250,7
cd14.monocytes1774,3
cd14.monocytes2393,3
cd14.monocytes2462,3
cd14.monocytes382,3
cd14.monocytes284,3
cd14.monocytes1467,3
cd14.monocytes594,3
cd14.monocytes2061,3
cd14.monocytes1543,3
cd14.monocytes2250,3
cd14.monocytes59,3
cd14.monocytes2125,3
cd14.monocytes1282,3
cd14.monocytes1236,3
cd14.monocytes2335,3
cd14.monocytes1306,3
cd14.monocytes1059,3
cd14.monocytes1822,3
cd14.monocytes1601,3
cd14.monocytes1953,3
cd14.monocytes1523,3
cd14.monocytes86,3
cd14.monocytes1985,3
cd14.monocytes368,3
cd14.monocytes1172,3
cd14.monocytes1033,3
cd14.monocytes2299,3
cd14.monocytes2585,3
cd14.monocytes2087,3
cd14.monocytes416,3
cd14.monocytes807,3
cd14.monocytes832,3
cd14.monocytes1673,3
cd14.monocytes239,3
cd14.monocytes1743,3
cd14.monocytes1623,3
cd14.monocytes1427,3
cd14.monocytes1253,3
cd14.monocytes1948,3
cd14.monocytes1691,3
cd14.monocytes880,3
cd14.monocytes1725,3
cd14.monocytes230,3
cd14.monocytes2334,3
cd14.monocytes2473,3
cd14.monocytes75,3
cd14.monocytes2464,3
cd14.monocytes569,3
cd14.monocytes1320,3
cd14.monocytes2312,3
cd14.monocytes2137,3
cd14.monocytes2091,3
cd14.monocytes1577,3
cd14.monocytes71,3
cd14.monocytes256,3
cd14.monocytes523,3
cd14.monocytes2010,7
cd14.monocytes1564,3
cd14.monocytes2294,3
cd14.monocytes1389,7
cd14.monocytes683,3
cd14.monocytes1481,3
cd14.monocytes2289,3
cd14.monocytes842,3
cd14.monocytes739,3
cd14.monocytes1150,3
cd14.monocytes237,3
cd14.monocytes1680,3
cd14.monocytes2480,3
cd14.monocytes2354,7
cd14.monocytes1019,3
cd14.monocytes413,4
cd14.monocytes2373,3
cd14.monocytes2002,3
cd14.monocytes1970,3
cd14.monocytes2580,3
cd14.monocytes48,3
cd14.monocytes691,3
cd14.monocytes526,3
cd14.monocytes1944,3
cd14.monocytes1677,3
cd14.monocytes616,3
cd14.monocytes1310,3
cd14.monocytes709,3
cd14.monocytes1133,3
cd14.monocytes545,3
cd14.monocytes552,3
cd14.monocytes2454,3
cd14.monocytes1195,3
cd14.monocytes1368,3
cd14.monocytes838,3
cd14.monocytes931,3
cd14.monocytes1122,3
cd14.monocytes236,3
cd14.monocytes2392,7
cd14.monocytes2439,3
cd14.monocytes1812,3
cd14.monocytes1723,3
cd14.monocytes1754,3
cd14.monocytes1811,3
cd14.monocytes1863,3
cd14.monocytes675,3
cd14.monocytes730,3
cd14.monocytes1103,3
cd14.monocytes778,3
cd14.monocytes2513,3
cd14.monocytes742,3
cd14.monocytes1223,3
cd14.monocytes1868,3
cd14.monocytes1768,3
cd14.monocytes779,3
cd14.monocytes309,3
cd14.monocytes1098,7
cd14.monocytes203,3
cd14.monocytes1319,3
cd14.monocytes1347,3
cd14.monocytes1527,3
cd14.monocytes1634,1
cd14.monocytes801,3
cd14.monocytes1247,3
cd14.monocytes2009,3
cd14.monocytes1351,3
cd14.monocytes359,3
cd14.monocytes2582,3
cd14.monocytes156,3
cd14.monocytes1643,7
cd14.monocytes1046,7
cd14.monocytes2519,3
cd14.monocytes2272,3
cd14.monocytes2433,3
cd14.monocytes2224,3
cd14.monocytes2214,3
cd14.monocytes1097,3
cd14.monocytes773,3
cd14.monocytes1624,7
cd14.monocytes1701,3
regulatory.t4727,1
regulatory.t6525,1
regulatory.t5555,0
regulatory.t8449,0
regulatory.t9096,0
regulatory.t7820,1
regulatory.t5512,1
regulatory.t8906,1
regulatory.t2318,1
regulatory.t6495,1
regulatory.t6701,1
regulatory.t6772,1
regulatory.t1410,0
regulatory.t7506,1
regulatory.t742,1
regulatory.t2928,1
regulatory.t4624,0
regulatory.t4741,1
regulatory.t1388,0
regulatory.t1392,1
regulatory.t7369,1
regulatory.t2559,1
regulatory.t4523,0
regulatory.t1331,0
regulatory.t2271,1
regulatory.t9255,5
regulatory.t9702,1
regulatory.t4182,1
regulatory.t4670,1
regulatory.t394,1
regulatory.t9440,1
regulatory.t2253,0
regulatory.t4654,0
regulatory.t6735,1
regulatory.t3795,1
regulatory.t2457,1
regulatory.t6603,1
regulatory.t2417,1
regulatory.t8676,1
regulatory.t3673,1
regulatory.t10189,1
regulatory.t3785,0
regulatory.t1537,1
regulatory.t5540,1
regulatory.t4366,1
regulatory.t2362,1
regulatory.t8781,1
regulatory.t132,1
regulatory.t6474,1
regulatory.t3796,0
regulatory.t4348,0
regulatory.t6975,1
regulatory.t984,1
regulatory.t7705,1
regulatory.t3985,1
regulatory.t5864,1
regulatory.t4356,0
regulatory.t343,1
regulatory.t4770,1
regulatory.t2493,1
regulatory.t9658,1
regulatory.t516,1
regulatory.t3286,1
regulatory.t60,0
regulatory.t587,1
regulatory.t697,1
regulatory.t7039,0
regulatory.t861,0
regulatory.t4644,1
regulatory.t3108,1
regulatory.t4272,0
regulatory.t5110,1
regulatory.t7516,1
regulatory.t544,1
regulatory.t19,0
regulatory.t4802,0
regulatory.t2954,1
regulatory.t614,1
regulatory.t4472,0
regulatory.t5493,1
regulatory.t7409,0
regulatory.t8641,0
regulatory.t4043,1
regulatory.t7198,1
regulatory.t1603,1
regulatory.t8712,1
regulatory.t6567,1
regulatory.t5331,1
regulatory.t5167,8
regulatory.t3660,1
regulatory.t5535,1
regulatory.t2262,1
regulatory.t8913,1
regulatory.t1064,0
regulatory.t2988,8
regulatory.t7731,1
regulatory.t1076,1
regulatory.t7060,1
regulatory.t1020,1
regulatory.t9630,1
regulatory.t1555,1
regulatory.t4069,1
regulatory.t840,1
regulatory.t6682,0
regulatory.t4881,1
regulatory.t168,1
regulatory.t9801,1
regulatory.t1757,0
regulatory.t4676,1
regulatory.t5696,1
regulatory.t7935,1
regulatory.t2107,8
regulatory.t1372,1
regulatory.t2864,1
regulatory.t2124,1
regulatory.t7249,0
regulatory.t5809,1
regulatory.t3666,1
regulatory.t5547,1
regulatory.t7951,1
regulatory.t7270,1
regulatory.t7669,1
regulatory.t9052,1
regulatory.t2672,1
regulatory.t4698,1
regulatory.t2231,0
regulatory.t1430,1
regulatory.t10042,1
regulatory.t6532,1
regulatory.t4293,1
regulatory.t8191,0
regulatory.t5093,1
regulatory.t5060,1
regulatory.t4845,1
regulatory.t8757,0
regulatory.t2886,1
regulatory.t4997,1
regulatory.t1792,1
regulatory.t8758,1
regulatory.t1297,0
regulatory.t1210,1
regulatory.t8296,1
regulatory.t2111,1
regulatory.t1640,1
regulatory.t8734,1
regulatory.t7566,1
regulatory.t9512,1
regulatory.t9309,1
regulatory.t1615,1
regulatory.t8865,1
regulatory.t7232,1
regulatory.t4498,1
regulatory.t3329,0
regulatory.t2981,0
regulatory.t4733,1
regulatory.t1419,1
regulatory.t9650,1
regulatory.t4978,1
regulatory.t9514,1
regulatory.t4123,1
regulatory.t2229,1
regulatory.t5678,1
regulatory.t4441,0
regulatory.t2757,0
regulatory.t5255,0
regulatory.t7425,1
regulatory.t1543,1
regulatory.t7697,1
regulatory.t1416,1
regulatory.t8670,1
regulatory.t4236,1
regulatory.t9968,1
regulatory.t2684,1
regulatory.t5836,1
regulatory.t2236,0
regulatory.t2850,1
regulatory.t2442,0
regulatory.t4732,1
regulatory.t1393,0
regulatory.t523,1
regulatory.t5141,1
regulatory.t5562,0
regulatory.t4803,0
regulatory.t3379,1
regulatory.t3522,1
regulatory.t6627,1
regulatory.t2624,1
regulatory.t3970,1
regulatory.t6521,0
regulatory.t843,1
regulatory.t1044,1
regulatory.t5183,1
regulatory.t10147,1
regulatory.t886,8
regulatory.t6785,1
regulatory.t8207,1
regulatory.t2840,0
regulatory.t339,1
regulatory.t256,1
regulatory.t4464,1
regulatory.t4615,0
regulatory.t6807,0
regulatory.t439,1
regulatory.t647,1
regulatory.t6515,0
regulatory.t9244,8
regulatory.t6513,1
regulatory.t1891,1
regulatory.t1524,1
regulatory.t3080,0
regulatory.t5032,1
regulatory.t10101,1
regulatory.t2688,0
regulatory.t3699,0
regulatory.t5273,1
regulatory.t1509,1
regulatory.t2345,1
regulatory.t6619,1
regulatory.t1027,1
regulatory.t3014,1
regulatory.t3005,1
regulatory.t6966,1
regulatory.t5668,0
regulatory.t3081,1
regulatory.t2113,1
regulatory.t1699,1
regulatory.t6487,1
regulatory.t4640,1
regulatory.t5277,1
regulatory.t7445,1
regulatory.t6021,0
regulatory.t5976,0
regulatory.t9203,1
regulatory.t4779,1
regulatory.t4382,0
regulatory.t258,1
regulatory.t6891,1
regulatory.t9290,1
regulatory.t7748,1
regulatory.t4852,0
regulatory.t3421,1
regulatory.t1943,1
regulatory.t10163,1
regulatory.t4209,1
regulatory.t9159,1
regulatory.t6041,1
regulatory.t3848,1
regulatory.t646,1
regulatory.t7089,1
regulatory.t7645,1
regulatory.t6372,1
regulatory.t5982,1
regulatory.t7757,1
regulatory.t8863,1
regulatory.t7219,0
regulatory.t8386,0
regulatory.t2175,0
regulatory.t2955,0
regulatory.t9613,0
regulatory.t3121,1
regulatory.t521,1
regulatory.t1598,1
regulatory.t3764,1
regulatory.t3588,1
regulatory.t5655,1
regulatory.t8273,1
regulatory.t7117,0
regulatory.t10164,1
regulatory.t6630,1
regulatory.t8229,1
regulatory.t2367,0
regulatory.t336,0
regulatory.t5174,0
regulatory.t7936,1
regulatory.t5647,0
regulatory.t8489,1
regulatory.t5004,1
regulatory.t7305,0
regulatory.t8626,1
regulatory.t1960,1
regulatory.t7986,1
regulatory.t8549,1
regulatory.t4553,1
regulatory.t7656,1
regulatory.t4599,0
regulatory.t7446,1
regulatory.t792,1
regulatory.t3506,1
regulatory.t4817,1
regulatory.t7991,1
regulatory.t2216,1
regulatory.t5429,1
regulatory.t4151,1
regulatory.t4716,1
regulatory.t5592,1
regulatory.t9285,0
regulatory.t2571,1
regulatory.t7729,0
regulatory.t299,1
regulatory.t21,1
regulatory.t6448,0
regulatory.t3336,1
regulatory.t9999,1
regulatory.t682,1
regulatory.t1560,0
regulatory.t7189,1
regulatory.t997,1
regulatory.t3276,0
regulatory.t9359,0
regulatory.t8125,1
regulatory.t6658,0
regulatory.t6768,1
regulatory.t5350,1
regulatory.t5062,1
regulatory.t1089,1
regulatory.t4637,1
regulatory.t8568,0
regulatory.t3570,1
regulatory.t9358,0
regulatory.t5758,1
regulatory.t6433,1
regulatory.t10240,1
regulatory.t2692,1
regulatory.t7449,1
regulatory.t7970,1
regulatory.t3446,1
regulatory.t6482,0
regulatory.t2270,0
regulatory.t2572,0
regulatory.t3697,0
regulatory.t2278,1
regulatory.t9629,1
regulatory.t9258,1
regulatory.t391,1
regulatory.t6476,1
regulatory.t3610,1
regulatory.t3256,0
regulatory.t5384,1
regulatory.t591,1
regulatory.t2932,1
regulatory.t1587,0
regulatory.t3378,1
regulatory.t2858,1
regulatory.t6437,0
regulatory.t498,1
regulatory.t5832,0
regulatory.t825,1
regulatory.t2482,0
regulatory.t7524,1
regulatory.t7086,0
regulatory.t5325,1
regulatory.t5662,0
regulatory.t1237,1
regulatory.t7469,0
regulatory.t6764,1
regulatory.t914,0
regulatory.t180,1
regulatory.t2192,0
regulatory.t9804,0
regulatory.t4195,0
regulatory.t9254,8
regulatory.t8231,0
regulatory.t9075,1
regulatory.t10187,0
regulatory.t7620,1
regulatory.t1493,0
regulatory.t3167,1
regulatory.t7717,1
regulatory.t6719,1
regulatory.t3872,0
regulatory.t1090,1
regulatory.t4998,1
regulatory.t9688,1
regulatory.t7192,1
regulatory.t9225,0
regulatory.t5153,1
regulatory.t815,1
regulatory.t6497,1
regulatory.t9729,0
regulatory.t7792,1
regulatory.t414,1
regulatory.t1586,0
regulatory.t5341,1
regulatory.t3007,1
regulatory.t1254,1
regulatory.t2560,1
regulatory.t3487,1
regulatory.t1641,1
regulatory.t3591,1
regulatory.t2002,1
regulatory.t6186,0
regulatory.t8488,1
regulatory.t1288,1
regulatory.t7101,1
regulatory.t29,1
regulatory.t6728,0
regulatory.t4557,1
regulatory.t8057,0
regulatory.t2246,1
regulatory.t5253,1
regulatory.t5754,1
regulatory.t7626,1
regulatory.t1953,0
regulatory.t4391,1
regulatory.t7747,1
regulatory.t8537,8
regulatory.t5043,1
regulatory.t8846,1
regulatory.t7162,1
regulatory.t1082,1
regulatory.t1576,0
regulatory.t4591,1
regulatory.t4101,1
regulatory.t6016,1
regulatory.t6249,1
regulatory.t2364,1
regulatory.t4572,1
regulatory.t6139,0
regulatory.t9361,1
regulatory.t9340,1
regulatory.t245,1
regulatory.t2366,1
regulatory.t7628,1
regulatory.t905,1
regulatory.t4976,1
regulatory.t1110,0
regulatory.t8142,1
regulatory.t8531,0
regulatory.t4530,1
regulatory.t1588,1
regulatory.t31,1
regulatory.t7752,1
regulatory.t6516,1
regulatory.t6279,1
regulatory.t4065,1
regulatory.t7322,1
regulatory.t1585,0
regulatory.t524,1
regulatory.t2513,1
regulatory.t1367,1
regulatory.t5129,1
regulatory.t2871,0
regulatory.t9750,1
regulatory.t2714,1
regulatory.t5642,1
regulatory.t6013,1
regulatory.t1606,1
regulatory.t5047,1
regulatory.t9534,1
regulatory.t3830,1
regulatory.t3243,1
regulatory.t10260,1
regulatory.t1995,1
regulatory.t7583,1
regulatory.t1042,1
regulatory.t5877,0
regulatory.t2454,0
regulatory.t5412,1
regulatory.t9544,1
regulatory.t6623,1
regulatory.t8015,1
regulatory.t8044,1
regulatory.t7539,0
regulatory.t8719,1
regulatory.t5470,1
regulatory.t2657,1
regulatory.t5990,0
regulatory.t4100,1
regulatory.t7073,0
regulatory.t7934,1
regulatory.t5733,1
regulatory.t8911,0
regulatory.t5498,1
regulatory.t8660,0
regulatory.t8123,1
regulatory.t4971,1
regulatory.t4249,1
regulatory.t9163,1
regulatory.t9806,0
regulatory.t2947,0
regulatory.t1807,1
regulatory.t320,0
regulatory.t9226,1
regulatory.t5268,1
regulatory.t8977,1
regulatory.t6046,1
regulatory.t342,0
regulatory.t767,1
regulatory.t4050,1
regulatory.t443,0
regulatory.t6926,1
regulatory.t4937,0
regulatory.t6696,1
regulatory.t7245,1
regulatory.t7586,1
regulatory.t7816,1
regulatory.t3203,1
regulatory.t6023,1
cd4.t.helper1279,0
cd4.t.helper2156,1
cd4.t.helper6934,0
cd4.t.helper6716,0
cd4.t.helper694,0
cd4.t.helper7838,1
cd4.t.helper8265,1
cd4.t.helper261,1
cd4.t.helper8505,0
cd4.t.helper4058,0
cd4.t.helper318,8
cd4.t.helper10503,0
cd4.t.helper9254,0
cd4.t.helper2091,1
cd4.t.helper4605,1
cd4.t.helper4206,1
cd4.t.helper2802,1
cd4.t.helper8171,0
cd4.t.helper7525,0
cd4.t.helper3264,0
cd4.t.helper10072,0
cd4.t.helper9587,0
cd4.t.helper10534,1
cd4.t.helper392,0
cd4.t.helper1287,1
cd4.t.helper10121,1
cd4.t.helper3701,1
cd4.t.helper3307,1
cd4.t.helper6244,0
cd4.t.helper1534,1
cd4.t.helper5886,1
cd4.t.helper5982,1
cd4.t.helper3670,1
cd4.t.helper5391,0
cd4.t.helper108,0
cd4.t.helper4869,1
cd4.t.helper4364,0
cd4.t.helper4011,1
cd4.t.helper1326,0
cd4.t.helper11210,0
cd4.t.helper5735,0
cd4.t.helper6566,1
cd4.t.helper2247,1
cd4.t.helper10929,0
cd4.t.helper5062,0
cd4.t.helper10953,1
cd4.t.helper2560,0
cd4.t.helper4032,1
cd4.t.helper3813,0
cd4.t.helper6125,1
cd4.t.helper3939,1
cd4.t.helper6569,0
cd4.t.helper10134,1
cd4.t.helper4888,0
cd4.t.helper8516,1
cd4.t.helper11192,1
cd4.t.helper4554,0
cd4.t.helper6339,1
cd4.t.helper1228,0
cd4.t.helper6483,1
cd4.t.helper9509,0
cd4.t.helper6147,0
cd4.t.helper842,0
cd4.t.helper2603,1
cd4.t.helper1322,1
cd4.t.helper10708,0
cd4.t.helper2440,0
cd4.t.helper4180,1
cd4.t.helper1844,1
cd4.t.helper538,0
cd4.t.helper2041,0
cd4.t.helper1083,1
cd4.t.helper10038,1
cd4.t.helper2020,0
cd4.t.helper5099,1
cd4.t.helper9020,0
cd4.t.helper2640,1
cd4.t.helper7045,0
cd4.t.helper8342,1
cd4.t.helper3189,0
cd4.t.helper6439,0
cd4.t.helper302,0
cd4.t.helper1238,1
cd4.t.helper5363,0
cd4.t.helper3199,0
cd4.t.helper5136,1
cd4.t.helper7825,1
cd4.t.helper24,1
cd4.t.helper10841,1
cd4.t.helper3424,0
cd4.t.helper10491,1
cd4.t.helper7405,0
cd4.t.helper8885,1
cd4.t.helper1461,0
cd4.t.helper5502,1
cd4.t.helper2017,0
cd4.t.helper470,0
cd4.t.helper9697,0
cd4.t.helper2584,0
cd4.t.helper4417,1
cd4.t.helper4609,0
cd4.t.helper10388,0
cd4.t.helper7645,0
cd4.t.helper9137,1
cd4.t.helper5818,1
cd4.t.helper6942,1
cd4.t.helper5812,0
cd4.t.helper7544,1
cd4.t.helper10739,1
cd4.t.helper5739,1
cd4.t.helper7227,0
cd4.t.helper5587,1
cd4.t.helper4325,0
cd4.t.helper259,1
cd4.t.helper3709,1
cd4.t.helper9913,0
cd4.t.helper5970,1
cd4.t.helper1095,1
cd4.t.helper2308,0
cd4.t.helper4613,0
cd4.t.helper10144,1
cd4.t.helper4980,1
cd4.t.helper4291,1
cd4.t.helper8858,1
cd4.t.helper3311,0
cd4.t.helper5923,0
cd4.t.helper2122,1
cd4.t.helper8094,1
cd4.t.helper9149,0
cd4.t.helper3965,0
cd4.t.helper1117,1
cd4.t.helper3467,0
cd4.t.helper3542,0
cd4.t.helper6470,1
cd4.t.helper6899,0
cd4.t.helper8183,1
cd4.t.helper5061,1
cd4.t.helper6377,0
cd4.t.helper6635,0
cd4.t.helper6311,0
cd4.t.helper1042,1
cd4.t.helper7906,1
cd4.t.helper3693,0
cd4.t.helper4627,1
cd4.t.helper490,1
cd4.t.helper1871,0
cd4.t.helper2212,1
cd4.t.helper8033,0
cd4.t.helper9678,0
cd4.t.helper2738,0
cd4.t.helper6636,1
cd4.t.helper9108,1
cd4.t.helper5907,0
cd4.t.helper9930,1
cd4.t.helper1939,1
cd4.t.helper9262,1
cd4.t.helper3194,0
cd4.t.helper4228,0
cd4.t.helper1711,0
cd4.t.helper2824,1
cd4.t.helper5763,0
cd4.t.helper3972,1
cd4.t.helper8597,1
cd4.t.helper1541,1
cd4.t.helper6824,1
cd4.t.helper6819,1
cd4.t.helper2966,0
cd4.t.helper6742,0
cd4.t.helper7840,1
cd4.t.helper6159,0
cd4.t.helper7189,0
cd4.t.helper7326,0
cd4.t.helper8838,1
cd4.t.helper1012,0
cd4.t.helper3641,1
cd4.t.helper140,1
cd4.t.helper1315,0
cd4.t.helper2118,0
cd4.t.helper5146,1
cd4.t.helper6023,0
cd4.t.helper6830,1
cd4.t.helper2550,0
cd4.t.helper10375,1
cd4.t.helper8625,1
cd4.t.helper5209,1
cd4.t.helper10011,1
cd4.t.helper7337,1
cd4.t.helper3098,0
cd4.t.helper5147,1
cd4.t.helper6577,0
cd4.t.helper10852,1
cd4.t.helper9745,1
cd4.t.helper10025,0
cd4.t.helper9574,0
cd4.t.helper4498,1
cd4.t.helper2925,0
cd4.t.helper4951,1
cd4.t.helper2695,0
cd4.t.helper5413,0
cd4.t.helper3144,0
cd4.t.helper6004,0
cd4.t.helper4805,0
cd4.t.helper3150,1
cd4.t.helper5114,1
cd4.t.helper5859,1
cd4.t.helper8530,0
cd4.t.helper2678,0
cd4.t.helper926,1
cd4.t.helper1503,0
cd4.t.helper7575,0
cd4.t.helper8687,1
cd4.t.helper5270,0
cd4.t.helper8188,0
cd4.t.helper1138,0
cd4.t.helper3135,1
cd4.t.helper2592,0
cd4.t.helper9881,1
cd4.t.helper2657,1
cd4.t.helper4659,0
cd4.t.helper7966,1
cd4.t.helper4269,1
cd4.t.helper9241,0
cd4.t.helper1870,1
cd4.t.helper4838,1
cd4.t.helper5388,0
cd4.t.helper4632,0
cd4.t.helper4895,0
cd4.t.helper10366,1
cd4.t.helper5789,0
cd4.t.helper9001,0
cd4.t.helper7380,1
cd4.t.helper6647,1
cd4.t.helper8980,0
cd4.t.helper8034,1
cd4.t.helper11079,0
cd4.t.helper10719,0
cd4.t.helper9216,0
cd4.t.helper6160,0
cd4.t.helper9402,0
cd4.t.helper6153,1
cd4.t.helper19,1
cd4.t.helper10065,0
cd4.t.helper3932,0
cd4.t.helper7549,0
cd4.t.helper7850,0
cd4.t.helper113,1
cd4.t.helper1442,1
cd4.t.helper9834,0
cd4.t.helper1847,1
cd4.t.helper5364,1
cd4.t.helper6664,0
cd4.t.helper5397,1
cd4.t.helper3612,0
cd4.t.helper4735,0
cd4.t.helper457,0
cd4.t.helper8166,0
cd4.t.helper8958,1
cd4.t.helper1894,1
cd4.t.helper2194,0
cd4.t.helper2708,0
cd4.t.helper7124,0
cd4.t.helper8667,1
cd4.t.helper7228,0
cd4.t.helper9121,0
cd4.t.helper10248,1
cd4.t.helper2837,0
cd4.t.helper6327,1
cd4.t.helper9638,1
cd4.t.helper8178,0
cd4.t.helper2817,1
cd4.t.helper9554,7
cd4.t.helper8138,1
cd4.t.helper3745,0
cd4.t.helper4973,1
cd4.t.helper535,0
cd4.t.helper8230,0
cd4.t.helper6091,0
cd4.t.helper7111,1
cd4.t.helper9925,0
cd4.t.helper10483,1
cd4.t.helper873,0
cd4.t.helper5802,1
cd4.t.helper9229,0
cd4.t.helper10916,0
cd4.t.helper5203,1
cd4.t.helper6771,1
cd4.t.helper5897,1
cd4.t.helper4396,0
cd4.t.helper3971,0
cd4.t.helper5795,0
cd4.t.helper9286,0
cd4.t.helper10909,1
cd4.t.helper10078,1
cd4.t.helper2293,1
cd4.t.helper10285,1
cd4.t.helper1054,1
cd4.t.helper1820,0
cd4.t.helper10526,1
cd4.t.helper8472,1
cd4.t.helper5398,0
cd4.t.helper3857,1
cd4.t.helper1718,0
cd4.t.helper1776,0
cd4.t.helper6370,0
cd4.t.helper7110,1
cd4.t.helper10808,0
cd4.t.helper5376,0
cd4.t.helper4134,0
cd4.t.helper8569,0
cd4.t.helper2417,0
cd4.t.helper10505,1
cd4.t.helper3415,1
cd4.t.helper9267,0
cd4.t.helper2340,0
cd4.t.helper2652,1
cd4.t.helper3501,1
cd4.t.helper6054,0
cd4.t.helper6750,0
cd4.t.helper10037,0
cd4.t.helper7529,1
cd4.t.helper9585,0
cd4.t.helper5842,0
cd4.t.helper616,0
cd4.t.helper2690,0
cd4.t.helper9017,1
cd4.t.helper10856,1
cd4.t.helper3993,0
cd4.t.helper4196,1
cd4.t.helper2894,0
cd4.t.helper5240,1
cd4.t.helper1474,0
cd4.t.helper10723,1
cd4.t.helper4109,0
cd4.t.helper10306,1
cd4.t.helper8208,0
cd4.t.helper1198,0
cd4.t.helper10055,1
cd4.t.helper10389,0
cd4.t.helper6039,1
cd4.t.helper2899,0
cd4.t.helper5120,0
cd4.t.helper939,0
cd4.t.helper4564,0
cd4.t.helper2542,0
cd4.t.helper9021,1
cd4.t.helper10353,0
cd4.t.helper1520,1
cd4.t.helper4503,0
cd4.t.helper6506,0
cd4.t.helper11130,1
cd4.t.helper9196,0
cd4.t.helper1717,1
cd4.t.helper9296,0
cd4.t.helper4588,0
cd4.t.helper7186,0
cd4.t.helper742,1
cd4.t.helper1331,1
cd4.t.helper5180,0
cd4.t.helper2234,0
cd4.t.helper7579,0
cd4.t.helper2558,0
cd4.t.helper10616,0
cd4.t.helper809,1
cd4.t.helper1217,0
cd4.t.helper5598,0
cd4.t.helper10712,0
cd4.t.helper9647,1
cd4.t.helper724,0
cd4.t.helper79,0
cd4.t.helper944,1
cd4.t.helper8413,0
cd4.t.helper2442,1
cd4.t.helper4550,1
cd4.t.helper7248,0
cd4.t.helper2395,1
cd4.t.helper282,0
cd4.t.helper8446,0
cd4.t.helper3083,0
cd4.t.helper8036,1
cd4.t.helper10655,0
cd4.t.helper5832,0
cd4.t.helper10988,0
cd4.t.helper1938,0
cd4.t.helper642,0
cd4.t.helper2604,0
cd4.t.helper6883,1
cd4.t.helper573,1
cd4.t.helper1923,0
cd4.t.helper10501,0
cd4.t.helper638,0
cd4.t.helper4743,1
cd4.t.helper9428,0
cd4.t.helper2438,0
cd4.t.helper8592,1
cd4.t.helper167,1
cd4.t.helper9707,0
cd4.t.helper3611,1
cd4.t.helper6909,0
cd4.t.helper3153,0
cd4.t.helper793,0
cd56.nk675,2
cd56.nk4713,2
cd56.nk8312,2
cd56.nk2348,2
cd56.nk6778,2
cd56.nk7987,2
cd56.nk523,2
cd56.nk6934,2
cd56.nk7302,2
cd56.nk7697,8
cd56.nk7136,2
cd56.nk6365,2
cd56.nk6049,5
cd56.nk2104,2
cd56.nk5484,8
cd56.nk1432,2
cd56.nk4667,2
cd56.nk7996,2
cd56.nk6126,2
cd56.nk8224,2
cd56.nk1263,2
cd56.nk4189,2
cd56.nk2159,2
cd56.nk4350,2
cd56.nk1323,2
cd56.nk7519,2
cd56.nk3629,2
cd56.nk4643,2
cd56.nk4666,2
cd56.nk7904,2
cd56.nk6070,2
cd56.nk1436,2
cd56.nk5861,2
cd56.nk859,2
cd56.nk7732,2
cd56.nk7849,2
cd56.nk6052,2
cd56.nk3466,2
cd56.nk7475,8
cd56.nk2698,2
cd56.nk7209,2
cd56.nk4868,2
cd56.nk2321,2
cd56.nk5351,2
cd56.nk6454,2
cd56.nk1351,2
cd56.nk5629,2
cd56.nk7495,2
cd56.nk4564,2
cd56.nk3354,2
cd56.nk1527,2
cd56.nk7373,2
cd56.nk6015,2
cd56.nk6785,2
cd56.nk4378,2
cd56.nk4068,2
cd56.nk3010,2
cd56.nk2292,2
cd56.nk6844,2
cd56.nk6079,2
cd56.nk6989,2
cd56.nk5680,2
cd56.nk6732,2
cd56.nk1303,2
cd56.nk38,2
cd56.nk5821,2
cd56.nk1538,2
cd56.nk3594,2
cd56.nk6868,2
cd56.nk5672,2
cd56.nk1897,2
cd56.nk5237,2
cd56.nk5475,2
cd56.nk7523,2
cd56.nk4759,2
cd56.nk5607,2
cd56.nk7196,2
cd56.nk8173,2
cd56.nk1984,2
cd56.nk5541,2
cd56.nk3962,2
cd56.nk3620,2
cd56.nk5272,2
cd56.nk3117,2
cd56.nk7458,2
cd56.nk1257,2
cd56.nk3566,2
cd56.nk3059,2
cd56.nk5097,2
cd56.nk6895,2
cd56.nk744,2
cd56.nk2928,2
cd56.nk6110,2
cd56.nk8379,2
cd56.nk4825,2
cd56.nk5768,2
cd56.nk6123,2
cd56.nk2576,2
cd56.nk2824,2
cd56.nk1431,2
cd56.nk7905,2
cd56.nk3947,2
cd56.nk3681,2
cd56.nk124,2
cd56.nk4540,2
cd56.nk2452,2
cd56.nk3792,2
cd56.nk1251,2
cd56.nk6633,2
cd56.nk6438,2
cd56.nk1830,2
cd56.nk164,2
cd56.nk4797,2
cd56.nk89,2
cd56.nk5933,2
cd56.nk3647,2
cd56.nk881,8
cd56.nk7734,2
cd56.nk4879,2
cd56.nk2466,2
cd56.nk2284,2
cd56.nk1926,2
cd56.nk7631,2
cd56.nk4727,2
cd56.nk6275,2
cd56.nk1219,2
cd56.nk349,2
cd56.nk2804,2
cd56.nk6780,2
cd56.nk7557,2
cd56.nk4839,2
cd56.nk4494,2
cd56.nk2371,2
cd56.nk5413,2
cd56.nk2980,2
cd56.nk837,2
cd56.nk839,8
cd56.nk4022,2
cd56.nk5364,2
cd56.nk4568,2
cd56.nk418,2
cd56.nk2137,2
cd56.nk3662,2
cd56.nk3860,2
cd56.nk5567,2
cd56.nk2753,2
cd56.nk4394,2
cd56.nk2374,2
cd56.nk6630,2
cd56.nk991,2
cd56.nk4284,2
cd56.nk3960,2
cd56.nk8147,2
cd56.nk7313,2
cd56.nk1606,2
cd56.nk1029,2
cd56.nk7720,2
cd56.nk3127,2
cd56.nk438,2
cd56.nk2291,2
cd56.nk1158,2
cd56.nk6441,8
cd56.nk1511,2
cd56.nk7299,2
cd56.nk528,2
cd56.nk8232,2
cd56.nk7654,2
cd56.nk3480,2
cd56.nk6980,2
cd56.nk156,2
cd56.nk7516,2
cd56.nk3018,2
cd56.nk2229,2
cd56.nk2548,2
cd56.nk4386,2
cd56.nk3747,2
cd56.nk7129,2
cd56.nk7662,2
cd56.nk7022,2
cd56.nk4435,2
cd56.nk5845,2
cd56.nk1378,2
cd56.nk4617,2
cd56.nk5170,2
cd56.nk1002,2
cd56.nk2073,2
cd56.nk8297,2
cd56.nk4155,2
cd56.nk3518,2
cd56.nk6077,2
cd56.nk2102,2
cd56.nk220,2
cd56.nk7722,2
cd56.nk7715,2
cd56.nk1979,2
cd56.nk7545,2
cd56.nk4881,2
cd56.nk3166,2
cd56.nk5708,2
cd56.nk6300,2
cd56.nk6986,2
cd56.nk6910,2
cd56.nk5265,2
cd56.nk7824,2
cd56.nk7983,2
cd56.nk6662,2
cd56.nk5496,2
cd56.nk4984,2
cd56.nk2557,2
cd56.nk3135,2
cd56.nk4422,2
cd56.nk5457,2
cd56.nk6116,2
cd56.nk477,8
cd56.nk117,2
cd56.nk1200,2
cd56.nk3774,2
cd56.nk4900,2
cd56.nk4219,2
cd56.nk3691,2
cd56.nk3313,2
cd56.nk6120,2
cd56.nk4249,2
cd56.nk4982,2
cd56.nk190,2
cd56.nk800,2
cd56.nk5185,2
cd56.nk2118,2
cd56.nk4089,8
cd56.nk2409,2
cd56.nk2538,2
cd56.nk2067,2
cd56.nk18,2
cd56.nk2395,2
cd56.nk2776,2
cd56.nk990,2
cd56.nk4458,2
cd56.nk2959,2
cd56.nk3843,2
cd56.nk487,2
cd56.nk2211,2
cd56.nk8042,2
cd56.nk5099,2
cd56.nk1660,2
cd56.nk1476,2
cd56.nk8118,2
cd56.nk6168,2
cd56.nk3604,2
cd56.nk6474,2
cd56.nk4908,2
cd56.nk6759,2
cd56.nk33,2
cd56.nk6408,2
cd56.nk172,2
cd56.nk2947,2
cd56.nk1811,2
cd56.nk3984,2
cd56.nk3793,2
cd56.nk7262,2
cd56.nk1784,8
cd56.nk5927,2
cd56.nk2202,2
cd56.nk5164,2
cd56.nk512,2
cd56.nk7306,2
cd56.nk2033,2
cd56.nk2155,2
cd56.nk1401,2
cd56.nk4141,4
cd56.nk1580,2
cd56.nk7332,2
cd56.nk7926,2
cd56.nk3257,2
cd56.nk7188,2
cd56.nk4492,2
cd56.nk2405,2
cd56.nk3582,2
cd56.nk7636,2
cd56.nk7227,2
cd56.nk1198,2
cd56.nk4490,2
cd56.nk8327,2
cd56.nk4269,2
cd56.nk6099,2
cd56.nk2008,2
cd56.nk5080,2
cd56.nk2736,2
cd56.nk6589,2
cd56.nk473,8
cd56.nk5150,2
cd56.nk5335,2
cd56.nk5243,2
cd56.nk6489,2
cd56.nk607,2
cd56.nk733,2
cd56.nk7585,2
cd56.nk5306,2
cd56.nk7477,2
cd56.nk5086,2
cd56.nk2254,2
cd56.nk4669,2
cd56.nk3327,2
cd56.nk4272,2
cd56.nk676,2
cd56.nk7669,2
cd56.nk3199,2
cd56.nk5094,2
cd56.nk3584,2
cd56.nk7427,2
cd56.nk739,2
cd56.nk5443,2
cd56.nk2245,2
cd56.nk5547,2
cd56.nk8259,2
cd56.nk2379,2
cd56.nk1115,2
cd56.nk8041,2
cd56.nk7063,2
cd56.nk3842,2
cd56.nk4752,2
cd56.nk2496,2
cd56.nk3772,2
cd56.nk5233,2
cd56.nk6729,2
cd56.nk5311,2
cd56.nk7608,2
cd56.nk6169,2
cd56.nk3623,2
cd56.nk1452,2
cd56.nk3985,2
cd56.nk3589,2
cd56.nk3198,2
cd56.nk7589,2
cd56.nk4225,2
cd56.nk2533,2
cd56.nk5827,2
cd56.nk2905,2
cd56.nk7721,2
cd56.nk5868,2
cd56.nk1237,8
cd56.nk2191,2
cd56.nk2088,2
cd56.nk7012,2
cd56.nk2455,2
cd56.nk5337,2
cd56.nk6290,2
cd56.nk4307,2
cd56.nk6051,2
cd56.nk448,2
cd56.nk4920,2
cd56.nk2927,2
cd56.nk5451,2
cd56.nk7865,2
cd56.nk1507,2
cd56.nk3112,2
cd56.nk3928,8
cd56.nk5971,2
cd56.nk4359,2
cd56.nk1426,2
cd56.nk7944,2
cd56.nk449,2
cd56.nk6886,2
cd56.nk6106,2
cd56.nk5691,2
cd56.nk7431,2
cd56.nk2514,2
cd56.nk492,2
cd56.nk5309,2
cd56.nk6424,2
cd56.nk2729,2
cd56.nk5047,2
cd56.nk6361,4
cd56.nk2862,2
cd56.nk1600,2
cd56.nk7690,2
cd56.nk7572,2
cd56.nk1261,2
cd56.nk6993,2
cd56.nk3630,2
cd56.nk5877,2
cd56.nk5989,2
cd56.nk7784,2
cd56.nk1117,2
cd56.nk3672,2
cd56.nk6926,2
cd56.nk3233,2
cd56.nk3637,2
cd56.nk6674,2
cd56.nk7122,2
cd56.nk1162,2
cd56.nk3924,4
cd56.nk6919,2
cd56.nk1848,2
cd56.nk7275,2
cd56.nk720,2
cd56.nk5614,5
cd56.nk678,2
cd56.nk4165,2
cd56.nk3521,2
cd56.nk4152,2
cd56.nk179,2
cd56.nk4246,2
cd56.nk475,2
cd56.nk3982,2
cd56.nk7783,2
cd56.nk6990,2
cd56.nk3425,2
cd56.nk2830,2
cd56.nk7281,2
cd56.nk5901,2
cd56.nk7580,2
cd56.nk4196,2
cd56.nk4366,2
cd56.nk6790,2
cd56.nk3998,2
cd56.nk7462,2
cd56.nk4606,2
cd56.nk6875,2
cd56.nk8005,2
cd56.nk5562,2
cd56.nk6281,2
cd56.nk8033,2
cd56.nk175,2
cd56.nk118,2
cd56.nk4131,2
cd56.nk2739,2
cd56.nk5811,2
cd56.nk6280,2
cd56.nk3442,2
cd56.nk1963,2
cd56.nk4688,2
cd56.nk4792,2
cd56.nk8137,2
cd56.nk6288,2
cd56.nk3509,2
cd56.nk3550,2
cd56.nk7456,2
cd56.nk6660,2
cd56.nk5361,2
cd56.nk1965,2
cd56.nk440,2
cd56.nk4289,2
cd56.nk3382,2
cd56.nk4330,2
cd56.nk5677,2
cd56.nk3641,2
cd56.nk4483,2
cd56.nk2564,2
cd56.nk8385,2
cd56.nk46,2
cd56.nk237,2
cd56.nk7391,2
cd56.nk3752,2
cd56.nk2087,2
cd56.nk5981,2
cd56.nk8098,2
cd56.nk1899,2
cd56.nk6155,2
cd56.nk5131,2
cd56.nk337,5
cd56.nk5701,2
cd56.nk5440,2
cd56.nk6617,2
cd56.nk1892,2
cd56.nk5716,2
cd56.nk4676,2
cd56.nk8262,2
cd56.nk3410,2
cd56.nk465,2
cd56.nk1536,2
cd56.nk2420,2
cd56.nk3012,2
cd56.nk6368,2
cd56.nk7416,2
cd56.nk8095,2
cd56.nk5633,2
cd56.nk1461,2
cd56.nk1229,2
cd56.nk4943,2
cd56.nk4476,2
cd56.nk3657,2
cd56.nk7995,2
cd56.nk7089,2
cd56.nk2982,2
cd56.nk3844,2
cd56.nk1739,2
cd56.nk2757,2
cd56.nk6817,2
cd56.nk3138,2
cd56.nk5147,5
cd56.nk1502,2
cd56.nk5759,2
cd56.nk7120,2
cd56.nk1333,2
cd56.nk4464,2
cd56.nk7735,2
cd56.nk2156,2
cd56.nk1459,2
cd56.nk5166,2
cd56.nk6843,2
cd56.nk6346,5
cd56.nk6485,2
cd56.nk2653,2
cd56.nk288,2
cd56.nk2995,2
cd56.nk4957,2
cd56.nk3754,2
cd56.nk5703,2
cd56.nk7985,2
cd56.nk3969,2
cd56.nk4424,2
cd56.nk6994,2
cd56.nk4071,2
cd56.nk7542,2
cd56.nk3122,2
cd56.nk5466,2
cd56.nk1209,2
cd56.nk2582,2
cd56.nk6740,2
cd56.nk7459,2
cd56.nk2546,2
cd56.nk3578,2
cd56.nk4355,2
cd56.nk1798,2
cd56.nk7725,2
cd56.nk3686,2
cd56.nk2177,2
cd56.nk5068,2
cd56.nk8191,2
cd56.nk7754,2
cd56.nk4408,2
cd56.nk2002,2
cd56.nk3045,2
cd56.nk19,2
cd56.nk2443,2
cd56.nk3374,8
cd56.nk5173,2
cd56.nk540,2
cd56.nk4636,2
cd56.nk6053,2
cd56.nk1109,2
cd56.nk4167,2
cd56.nk657,2
cd56.nk6242,2
cd56.nk5686,2
cd56.nk997,2
cd56.nk1573,2
cd56.nk2424,2
cd56.nk1330,2
cd56.nk433,2
cd56.nk6988,2
cd56.nk5857,2
cd56.nk4154,2
cd56.nk2918,2
cd56.nk2309,2
cd56.nk7254,2
cd56.nk8293,2
cd56.nk7593,2
cd56.nk7076,2
cd56.nk5251,2
cd56.nk6556,2
cd56.nk2716,2
cd56.nk1220,2
cd56.nk158,2
cd56.nk2130,2
cd56.nk423,2
cd56.nk4882,2
cd56.nk504,2
cd56.nk674,2
cd56.nk1077,2
cd56.nk2745,2
cd56.nk5593,2
cd56.nk3862,2
cd56.nk3305,2
cd56.nk3702,2
cd56.nk5090,2
cd56.nk4595,2
cd56.nk7150,2
cd56.nk4471,2
cd56.nk240,2
cd56.nk6349,2
cd56.nk905,2
cd56.nk3737,2
cd56.nk6319,2
cd56.nk1587,2
cd56.nk5678,2
cd56.nk3524,2
cd56.nk772,2
cd56.nk3252,2
cd56.nk8112,2
cd56.nk4021,2
cd56.nk3688,2
cd56.nk7253,2
cd56.nk90,2
cd56.nk8241,2
cd56.nk5823,2
cd56.nk7503,2
cd56.nk7811,2
cd56.nk6755,2
cd56.nk5740,2
memory.t9852,5
memory.t2114,5
memory.t882,6
memory.t2209,5
memory.t2450,5
memory.t2015,5
memory.t2954,1
memory.t8216,5
memory.t3865,5
memory.t9325,5
memory.t3610,5
memory.t9514,5
memory.t6911,5
memory.t3578,5
memory.t1059,5
memory.t3647,5
memory.t3052,5
memory.t9512,5
memory.t2948,5
memory.t2926,5
memory.t3613,5
memory.t8993,5
memory.t2783,6
memory.t9382,5
memory.t9033,5
memory.t9615,5
memory.t7945,1
memory.t4393,6
memory.t6059,5
memory.t249,5
memory.t801,5
memory.t6454,5
memory.t10175,5
memory.t2135,5
memory.t8408,5
memory.t3929,5
memory.t9082,5
memory.t9106,5
memory.t299,5
memory.t9482,5
memory.t4195,5
memory.t330,5
memory.t7930,5
memory.t9531,1
memory.t6627,5
memory.t4660,1
memory.t7418,5
memory.t4900,5
memory.t7353,5
memory.t6411,5
memory.t3376,5
memory.t6351,5
memory.t4079,5
memory.t1046,1
memory.t1802,5
memory.t3488,5
memory.t8761,5
memory.t5237,5
memory.t264,5
memory.t8486,5
memory.t3959,5
memory.t2850,5
memory.t8045,5
memory.t5127,5
memory.t4245,5
memory.t2476,5
memory.t9413,5
memory.t5894,5
memory.t8125,5
memory.t3546,5
memory.t1963,5
memory.t4244,5
memory.t4834,5
memory.t1101,5
memory.t5122,5
memory.t3820,5
memory.t6151,5
memory.t6318,5
memory.t3031,5
memory.t9279,5
memory.t2725,5
memory.t6864,5
memory.t4022,5
memory.t3378,5
memory.t8307,5
memory.t9800,5
memory.t8815,5
memory.t4850,6
memory.t2768,5
memory.t8406,5
memory.t5291,5
memory.t7057,5
memory.t1606,5
memory.t10035,5
memory.t2271,5
memory.t532,5
memory.t2740,5
memory.t3570,5
memory.t952,5
memory.t4676,5
memory.t227,5
memory.t7335,5
memory.t7883,1
memory.t5170,5
memory.t6655,1
memory.t10012,5
memory.t2052,5
memory.t3917,5
memory.t8407,5
memory.t3839,5
memory.t9760,1
memory.t9396,5
memory.t55,5
memory.t2405,5
memory.t8847,5
memory.t4400,5
memory.t8999,5
memory.t214,5
memory.t5664,5
memory.t8857,5
memory.t3036,5
memory.t5682,5
memory.t1367,5
memory.t9260,5
memory.t1914,5
memory.t6005,5
memory.t2648,5
memory.t6692,5
memory.t178,5
memory.t8450,5
memory.t2615,5
memory.t936,5
memory.t8459,5
memory.t4388,5
memory.t2272,5
memory.t6143,5
memory.t9496,5
memory.t6165,5
memory.t4842,5
memory.t3970,5
memory.t5488,5
memory.t2004,5
memory.t6884,5
memory.t2865,5
memory.t1753,5
memory.t6982,5
memory.t2212,5
memory.t3707,5
memory.t3385,5
memory.t3714,5
memory.t9690,5
memory.t8988,5
memory.t6700,5
memory.t9895,5
memory.t4657,5
memory.t6463,5
memory.t1330,5
memory.t4238,5
memory.t4683,5
memory.t4137,5
memory.t6569,5
memory.t4664,5
memory.t3615,5
memory.t1901,5
memory.t1884,5
memory.t8743,1
memory.t1730,5
memory.t3524,5
memory.t4153,5
memory.t5625,5
memory.t6374,5
memory.t8335,5
memory.t8383,1
memory.t959,5
memory.t914,5
memory.t1635,1
memory.t2127,5
memory.t7614,5
memory.t205,5
memory.t594,5
memory.t5463,1
memory.t3925,5
memory.t7663,5
memory.t1602,5
memory.t6028,1
memory.t9127,5
memory.t8939,5
memory.t4490,5
memory.t7228,5
memory.t1458,5
memory.t2796,5
memory.t2974,5
memory.t9290,5
memory.t1648,5
memory.t6733,5
memory.t8092,1
memory.t7204,5
memory.t2902,5
memory.t1788,5
memory.t1789,5
memory.t4026,1
memory.t6317,5
memory.t1112,5
memory.t2998,5
memory.t4721,5
memory.t1861,5
memory.t9156,5
memory.t3748,5
memory.t3242,5
memory.t822,5
memory.t5268,1
memory.t461,5
memory.t7845,5
memory.t8020,5
memory.t563,5
memory.t6939,5
memory.t856,5
memory.t6562,6
memory.t1770,5
memory.t3910,5
memory.t6185,5
memory.t3603,5
memory.t5322,5
memory.t4025,5
memory.t8938,5
memory.t5632,1
memory.t1085,5
memory.t7251,5
memory.t3302,5
memory.t7167,5
memory.t10096,1
memory.t9664,5
memory.t9465,5
memory.t5833,6
memory.t8601,1
memory.t702,5
memory.t2606,5
memory.t518,5
memory.t3997,5
memory.t4487,5
memory.t4457,5
memory.t6452,5
memory.t9620,5
memory.t8405,1
memory.t5143,5
memory.t140,5
memory.t6588,5
memory.t535,5
memory.t7561,5
memory.t3218,5
memory.t7529,1
memory.t6893,5
memory.t473,5
memory.t9947,5
memory.t7681,5
memory.t2026,5
memory.t1772,5
memory.t778,5
memory.t4858,5
memory.t2633,5
memory.t269,5
memory.t7166,5
memory.t5827,5
memory.t10160,5
memory.t1569,5
memory.t9772,6
memory.t147,5
memory.t7989,1
memory.t471,5
memory.t4249,5
memory.t774,1
memory.t3665,5
memory.t10133,5
memory.t6509,5
memory.t6188,5
memory.t5530,5
memory.t7495,5
memory.t8567,1
memory.t2958,5
memory.t3945,5
memory.t5690,5
memory.t974,5
memory.t6559,5
memory.t2513,5
memory.t4634,5
memory.t5039,5
memory.t1334,5
memory.t5278,5
memory.t8651,5
memory.t2575,1
memory.t9461,5
memory.t9920,5
memory.t9717,5
memory.t9364,5
memory.t8083,5
memory.t5111,5
memory.t4227,5
memory.t9623,5
memory.t4459,5
memory.t3275,5
memory.t3772,5
memory.t5719,5
memory.t3933,5
memory.t9455,5
memory.t4757,5
memory.t1773,5
memory.t241,5
memory.t8394,5
memory.t5003,5
memory.t4505,5
memory.t5880,6
memory.t6468,5
memory.t1695,5
memory.t1281,5
memory.t391,5
memory.t1036,5
memory.t3562,5
memory.t2853,5
memory.t9,5
memory.t7577,5
memory.t9437,5
memory.t8803,5
memory.t7477,5
memory.t652,5
memory.t1628,5
memory.t10020,5
memory.t5009,5
memory.t4091,5
memory.t4298,5
memory.t3380,5
memory.t480,5
memory.t7406,5
memory.t1879,5
memory.t7843,5
memory.t8238,5
memory.t6877,5
memory.t1225,5
memory.t6628,5
memory.t2237,5
memory.t250,5
memory.t2255,5
memory.t6366,5
memory.t8796,5
memory.t4405,5
memory.t4193,5
memory.t327,5
memory.t7017,5
memory.t6522,5
memory.t7702,1
memory.t3452,5
memory.t3476,5
memory.t5043,6
memory.t1279,5
memory.t7747,5
memory.t5602,5
memory.t8068,5
memory.t3553,5
memory.t3851,5
memory.t9131,0
memory.t6001,5
memory.t2975,5
memory.t8784,5
memory.t3729,5
memory.t5051,5
memory.t7421,5
memory.t6933,5
memory.t2499,1
memory.t2790,5
memory.t9966,5
memory.t2153,5
memory.t6802,5
memory.t4053,5
memory.t10071,5
memory.t6040,5
memory.t10022,5
memory.t2223,5
memory.t6133,5
memory.t3788,5
memory.t3838,5
memory.t1676,5
memory.t10107,5
memory.t4052,5
memory.t5967,5
memory.t6656,5
memory.t5436,5
memory.t8304,1
memory.t459,5
memory.t9388,5
memory.t2946,5
memory.t8359,5
memory.t4234,5
memory.t5100,5
memory.t2841,1
memory.t3595,5
memory.t6975,5
memory.t7507,5
memory.t566,5
memory.t3126,5
memory.t1671,5
memory.t9092,5
memory.t3207,5
memory.t1505,5
memory.t9825,5
memory.t2083,5
memory.t4305,5
memory.t369,5
memory.t1507,5
memory.t1561,5
memory.t9208,5
memory.t4606,5
memory.t4010,5
memory.t5875,5
memory.t6962,5
memory.t1920,5
memory.t8526,5
memory.t5715,5
memory.t10069,5
memory.t5964,5
memory.t8858,5
memory.t1471,5
memory.t2103,5
memory.t10080,5
memory.t9264,5
memory.t10200,5
memory.t335,5
memory.t6769,1
memory.t1614,1
memory.t2764,5
memory.t2731,5
memory.t2910,5
memory.t5800,1
memory.t5573,5
memory.t3114,5
memory.t6335,5
memory.t7050,5
memory.t2290,5
memory.t6488,5
memory.t533,5
memory.t7354,5
memory.t2061,5
memory.t9108,5
memory.t3953,5
memory.t754,5
memory.t7443,5
memory.t8157,5
memory.t1873,5
memory.t3866,5
memory.t7623,5
memory.t2063,5
memory.t1061,5
memory.t370,5
memory.t2003,5
memory.t1935,5
memory.t2057,5
memory.t3735,5
memory.t3334,5
memory.t256,5
memory.t421,5
memory.t3511,5
memory.t697,5
memory.t6787,5
memory.t6955,5
memory.t949,5
memory.t5049,5
memory.t4862,5
memory.t2388,5
memory.t872,5
memory.t2236,5
memory.t4677,5
memory.t3506,5
memory.t7946,5
memory.t8462,5
memory.t143,5
memory.t6996,5
memory.t9648,5
memory.t2345,5
memory.t1184,5
memory.t9102,5
memory.t8056,5
memory.t1540,5
memory.t9561,5
memory.t9164,5
memory.t1682,1
memory.t3390,5
memory.t2433,5
memory.t7134,5
memory.t8244,5
memory.t8517,5
memory.t2014,5
memory.t4780,5
memory.t10031,5
memory.t5428,5
memory.t9179,5
memory.t3370,5
memory.t9354,5
memory.t9266,5
memory.t3991,5
memory.t6229,5
memory.t9617,5
memory.t8615,5
naive.t10181,0
naive.t3314,0
naive.t4952,0
naive.t8515,0
naive.t2178,0
naive.t1863,0
naive.t2623,0
naive.t1474,0
naive.t9629,0
naive.t655,0
naive.t7385,0
naive.t1270,0
naive.t7742,0
naive.t8030,0
naive.t5180,0
naive.t9839,0
naive.t5991,0
naive.t7382,0
naive.t3271,0
naive.t425,0
naive.t9119,0
naive.t3058,0
naive.t3893,0
naive.t2284,0
naive.t10213,0
naive.t6850,0
naive.t7540,0
naive.t6815,0
naive.t8764,0
naive.t10065,0
naive.t9718,0
naive.t4861,0
naive.t5028,0
naive.t8494,0
naive.t403,0
naive.t5260,0
naive.t2831,0
naive.t9490,0
naive.t7555,0
naive.t8303,0
naive.t9245,0
naive.t8220,0
naive.t76,0
naive.t8341,0
naive.t4773,0
naive.t8630,0
naive.t5527,0
naive.t8846,0
naive.t7935,0
naive.t8058,0
naive.t2612,0
naive.t4423,0
naive.t6387,0
naive.t8833,0
naive.t9083,0
naive.t3201,0
naive.t8036,0
naive.t6631,0
naive.t4970,0
naive.t3181,0
naive.t8097,0
naive.t7122,0
naive.t3845,0
naive.t7206,0
naive.t3892,0
naive.t4769,0
naive.t4910,0
naive.t5319,0
naive.t1552,0
naive.t6951,0
naive.t9745,0
naive.t1343,0
naive.t7160,0
naive.t8806,0
naive.t1222,0
naive.t6306,0
naive.t5961,0
naive.t7368,0
naive.t9476,0
naive.t4500,0
naive.t4296,0
naive.t314,0
naive.t3611,0
naive.t8034,0
naive.t5050,0
naive.t4131,0
naive.t1519,0
naive.t7605,0
naive.t4526,0
naive.t10179,0
naive.t10097,0
naive.t1288,0
naive.t10398,0
naive.t9471,0
naive.t4186,0
naive.t3703,0
naive.t8607,0
naive.t4950,0
naive.t3051,0
naive.t3086,0
naive.t7221,0
naive.t3208,0
naive.t5700,0
naive.t1298,0
naive.t3959,0
naive.t5708,0
naive.t7095,0
naive.t7072,0
naive.t8411,0
naive.t4418,0
naive.t4932,0
naive.t547,0
naive.t9334,0
naive.t3562,0
naive.t1746,0
naive.t6841,0
naive.t1632,0
naive.t2441,0
naive.t3867,0
naive.t2876,0
naive.t315,0
naive.t1254,0
naive.t260,0
naive.t7486,0
naive.t8301,0
naive.t2608,0
naive.t6117,0
naive.t10344,0
naive.t5072,0
naive.t8740,0
naive.t4619,0
naive.t4492,0
naive.t3938,1
naive.t5183,0
naive.t1938,0
naive.t2448,0
naive.t6527,0
naive.t6317,0
naive.t9912,0
naive.t5200,0
naive.t6783,0
naive.t433,0
naive.t10238,0
naive.t338,0
naive.t1128,0
naive.t7504,0
naive.t3816,0
naive.t106,0
naive.t4284,0
naive.t3635,0
naive.t9959,0
naive.t9822,0
naive.t6595,0
naive.t498,0
naive.t5646,0
naive.t6358,0
naive.t9104,0
naive.t9721,0
naive.t2329,0
naive.t7179,0
naive.t238,0
naive.t9294,0
naive.t5862,0
naive.t1719,0
naive.t5016,0
naive.t7595,0
naive.t5415,0
naive.t5905,0
naive.t3251,0
naive.t9397,0
naive.t8758,0
naive.t10241,0
naive.t3484,0
naive.t5623,0
naive.t4305,0
naive.t8896,0
naive.t10465,0
naive.t3540,0
naive.t1485,0
naive.t3706,0
naive.t1257,0
naive.t2989,0
naive.t3385,0
naive.t904,0
naive.t8459,0
naive.t5448,0
naive.t2593,0
naive.t4986,0
naive.t173,4
naive.t7870,0
naive.t890,0
naive.t4269,0
naive.t4524,0
naive.t1851,0
naive.t1272,0
naive.t4617,0
naive.t8141,0
naive.t9944,0
naive.t7557,0
naive.t6927,0
naive.t7634,0
naive.t6252,0
naive.t1783,0
naive.t8782,0
naive.t3066,0
naive.t9898,0
naive.t1993,0
naive.t9824,0
naive.t10413,0
naive.t3421,0
naive.t10217,0
naive.t4810,0
naive.t4893,0
naive.t3678,0
naive.t4837,0
naive.t4315,0
naive.t1988,0
naive.t6918,0
naive.t3592,0
naive.t3239,0
naive.t7431,0
naive.t1251,0
naive.t5063,0
naive.t4160,0
naive.t8761,0
naive.t9499,0
naive.t1330,0
naive.t9924,0
naive.t1443,0
naive.t3520,0
naive.t3991,0
naive.t8156,0
naive.t3878,0
naive.t4597,0
naive.t9865,0
naive.t4627,0
naive.t2317,0
naive.t2561,0
naive.t1983,0
naive.t587,0
naive.t2662,0
naive.t9871,0
naive.t6939,0
naive.t8070,0
naive.t46,0
naive.t374,0
naive.t1648,0
naive.t3726,0
naive.t10302,0
naive.t9615,0
naive.t3832,0
naive.t5548,0
naive.t6225,0
naive.t5893,0
naive.t8867,0
naive.t8201,0
naive.t1728,0
naive.t8576,0
naive.t6223,0
naive.t7510,0
naive.t3266,0
naive.t6754,1
naive.t9942,0
naive.t10253,0
naive.t407,0
naive.t9767,0
naive.t567,0
naive.t6028,0
naive.t542,0
naive.t4263,0
naive.t7330,0
naive.t5153,0
naive.t131,0
naive.t6498,0
naive.t6958,0
naive.t2541,0
naive.t1981,0
naive.t7545,0
naive.t8724,0
naive.t1006,0
naive.t6332,0
naive.t10450,0
naive.t1347,0
naive.t67,0
naive.t8587,0
naive.t5796,0
naive.t7861,0
naive.t4857,0
naive.t9550,0
naive.t7214,0
naive.t7186,0
naive.t3472,0
naive.t1052,1
naive.t10103,0
naive.t8298,0
naive.t4508,0
naive.t5773,0
naive.t5186,0
naive.t2113,0
naive.t8851,0
naive.t7361,0
naive.t7708,0
naive.t6040,0
naive.t5818,0
naive.t10351,0
naive.t4402,0
naive.t7437,0
naive.t4143,0
naive.t292,0
naive.t893,0
naive.t9336,0
naive.t7480,0
naive.t5696,0
naive.t6838,0
naive.t9338,0
naive.t1507,0
naive.t699,0
naive.t4326,0
naive.t9109,0
naive.t9154,0
naive.t7685,0
naive.t9128,0
naive.t6586,0
naive.t10334,0
naive.t9632,0
naive.t8008,0
naive.t3921,0
naive.t5588,0
naive.t6219,0
naive.t6609,0
naive.t5472,0
naive.t1944,0
naive.t10411,0
naive.t4241,0
naive.t7895,0
naive.t201,0
naive.t4611,0
naive.t2332,0
naive.t1548,0
naive.t3849,0
naive.t8209,0
naive.t9162,0
naive.t3497,0
naive.t1469,0
naive.t9053,0
naive.t6268,0
naive.t351,0
naive.t5429,0
naive.t6421,0
naive.t875,0
naive.t10436,0
naive.t6190,0
naive.t604,0
naive.t9549,0
naive.t4390,0
naive.t8366,0
naive.t3187,0
naive.t8817,0
naive.t2525,0
naive.t4204,0
naive.t4520,0
naive.t8407,0
naive.t4376,0
naive.t90,0
naive.t6705,0
naive.t1063,0
naive.t2240,0
naive.t4354,0
naive.t8723,0
naive.t5492,0
naive.t6622,0
naive.t7049,0
naive.t1114,0
naive.t7728,0
naive.t8113,0
naive.t3262,0
naive.t8385,0
naive.t3183,0
naive.t267,0
naive.t3671,0
naive.t1078,0
naive.t2900,0
naive.t343,0
naive.t4547,0
naive.t9394,0
naive.t8175,0
naive.t8124,0
naive.t6847,0
naive.t3625,0
naive.t3332,0
naive.t6728,0
naive.t2465,0
naive.t8797,0
naive.t4624,0
naive.t5236,0
naive.t4211,0
naive.t7667,0
naive.t8959,0
naive.t5181,0
naive.t117,0
naive.t3533,0
naive.t1665,0
naive.t8664,0
naive.t7383,0
naive.t9769,0
naive.t7517,0
naive.t10454,0
naive.t2594,0
naive.t737,0
naive.t4203,0
naive.t2859,0
naive.t9703,0
naive.t3617,0
naive.t1369,0
naive.t1577,0
naive.t9684,0
naive.t6748,0
naive.t6282,0
naive.t4365,0
naive.t8581,0
naive.t143,0
naive.t3011,0
naive.t9510,0
naive.t1321,0
naive.t8183,0
naive.t6583,0
naive.t7425,0
naive.t6667,0
naive.t4831,4
naive.t3371,0
naive.t7135,0
naive.t1912,0
naive.t8919,0
naive.t9073,0
naive.t7897,0
naive.t911,0
naive.t1733,0
naive.t9274,0
naive.t9845,0
naive.t2772,0
naive.t8651,0
naive.t300,0
naive.t2563,0
naive.t9889,0
naive.t6911,0
naive.t10205,0
naive.t3441,0
naive.t1430,1
naive.t5192,0
naive.t3549,0
naive.t2454,0
naive.t2140,0
naive.t6161,0
naive.t6253,0
naive.t88,0
naive.t5546,0
naive.t5305,0
naive.t1077,0
naive.t384,0
naive.t6024,0
naive.t1882,0
naive.t2506,0
naive.t5849,0
naive.t7379,0
naive.t4113,0
naive.t7275,0
naive.t6641,0
naive.t4870,0
naive.t6899,0
naive.t2151,0
naive.t2659,0
naive.t3193,0
naive.t10298,0
naive.t1557,0
naive.t959,0
naive.t7980,0
naive.t5068,0
naive.t9123,0
naive.t7917,0
naive.t10339,0
naive.t7203,0
naive.t6318,0
naive.t4519,0
naive.t4171,0
naive.t3851,0
naive.t5861,0
naive.t8325,0
naive.t9687,0
naive.t8510,0
naive.t6026,0
naive.t10057,0
naive.t9079,0
naive.t56,0
naive.t5970,0
naive.t71,0
naive.t844,0
naive.t5831,1
naive.t1167,0
naive.t4926,0
